Target_Name,Total_Time,Orientation_Time,Navigation_Time,Distance,Speed,Mean_Dwell,Teleportations,Mean_Teleport_Distance
Automobile shop,23.602996700000002,5.3118267,18.29117,63.60196284259484,3.477194889260492,2.4482071888888886,10,7.066884760288314
Police station ,62.1375035,2.4929925,59.644511,336.1997650767774,5.636725986013657,1.5243447874999998,41,7.089017709583598
Fire Station,13.8469132,2.9721532,10.874759999999998,141.74454627537526,13.034268919532503,0.8295770769230766,14,7.2135700115898835
Bank,20.3190991,2.1252091,18.193889999999996,133.66282926070613,7.346577848976011,2.267381875,9,6.740489643288587
Pawn Shop,27.902236700000003,4.8540507,23.048186,192.55346770889454,8.354387096185988,1.119825986956522,24,6.633365159571058
Pizzeria,78.2138538,3.3401438000000003,74.87370999999999,413.82509818174896,5.526974664161146,1.374743941818182,56,6.649072041474552
Quattroki Restaurant,18.3258176,2.8472806,15.478537,196.85816680355106,12.718137819068499,0.9119324000000002,20,6.57019604177774
High School,46.207629,4.951471000000001,41.256158,318.57867206705043,7.72196655023113,1.1839899189189191,38,6.1138660439833545
