Target_Name,Total_Time,Orientation_Time,Navigation_Time,Distance,Speed,Mean_Dwell,Dwell,Teleportations
Automobile shop,11.5701667,2.5908927,8.979273999999998,62.8721679149546,7.001921081253854,,10.590575699999997,14
Police station ,15.9646851,2.9515621000000003,13.013123,137.11325723477734,10.536537404186323,,12.915590000000002,15
Fire Station,9.7773067,2.7780627,6.999244,132.06877153770694,18.86900521509279,,6.902834999999998,15
Bank,7.7638638,2.1111768,5.652687,131.70766048912492,23.300009444910874,,5.589729000000001,10
Pawn Shop,16.124595,4.7977989999999995,11.326796,125.89076237648071,11.114419503669062,,15.624503000000008,15
Pizzeria,47.9854162,4.4582302,43.527186,289.44638581774194,6.649784018147692,,45.263389200000034,37
Quattroki Restaurant,11.679975299999999,1.6597583,10.020217,191.9499806093664,19.156269830220882,,10.101356300000003,20
High School,13.902280099999999,2.0139361,11.888344,211.05797304008402,17.753353456131823,,11.770902000000001,18
