Target_Name,Total_Time,Orientation_Time,Navigation_Time,Distance,Speed,Mean_Dwell,Teleportations,Mean_Teleport_Distance
Automobile shop,6.2009777,1.8680707000000003,4.332907,58.79218117236782,13.568761381762364,0.5740601888888889,10,6.532464574707536
Police station ,10.040345799999999,2.0971948000000005,7.9431509999999985,121.36473124963273,15.279167077351639,0.6548944166666666,13,6.016226778059099
Fire Station,8.4797256,1.9384865999999998,6.541239,135.4943983837774,20.71387368414109,0.49625469230769226,14,6.777118267452398
Bank,9.7707668,2.2215377999999997,7.5492289999999995,135.66800918799393,17.971107935392336,0.936754375,9,6.94815246641989
Pawn Shop,9.721690899999999,2.8817709000000002,6.83992,89.40633372656448,13.071254302179629,0.9559534142857145,8,6.7771700212975565
Pizzeria,10.666536800000001,2.3475208,8.319016,125.19574863062384,15.049345815733957,0.6863960833333334,13,7.172060518353612
Quattroki Restaurant,8.2704627,1.2638687000000002,7.006594000000001,188.6719488278781,26.927769587887937,0.4000784277777778,19,6.630872219078745
High School,8.6108882,1.5764632,7.034425,204.76434047818358,29.108895251308187,0.43273412499999986,17,7.077328869765578
