"Outcome","Correction","contrast","estimate","SE","df","lower.CL","upper.CL","t.ratio","p.value","cohens_d","CI"
"Total_Time","FDR_within_outcome","YA - OA",-41.7511646134721,6.45462842991677,57.9999999999954,-54.6715071952974,-28.8308220316467,-6.4684071386601,"2.28e-08",NA,"[-54.672, -28.831]"
"Orientation_Time","FDR_within_outcome","YA - OA",-3.18377085777851,0.490880766447021,57.999823061082,-4.16637553442918,-2.20116618112784,-6.48583337420721,"2.13e-08",NA,"[-4.166, -2.201]"
"Navigation_Time","FDR_within_outcome","YA - OA",-38.5839383120841,6.14559474871996,57.9999999999954,-50.885682771068,-26.2821938531002,-6.27830826627815,"4.72e-08",NA,"[-50.886, -26.282]"
"Distance","FDR_within_outcome","YA - OA",-146.363083535181,31.2792477086146,57.9999999999985,-208.975300564425,-83.7508665059374,-4.67923924829149,"1.77e-05",NA,"[-208.975, -83.751]"
"Speed","FDR_within_outcome","YA - OA",4.88507309412921,0.846098368142468,57.9999999999976,3.19142319731168,6.57872299094674,5.77364675085468,"3.21e-07",NA,"[3.191, 6.579]"
"Mean_Dwell","FDR_within_outcome","YA - OA",-0.280838822053556,0.0981880453410694,58.0000000000056,-0.47738354914682,-0.084294094960293,-2.86021400138912,"0.005876",NA,"[-0.477, -0.084]"
"Teleportations","FDR_within_outcome","YA - OA",-31.6430555555553,6.63691923567212,57.9999999999995,-44.9282928304601,-18.3578182806506,-4.76773250237553,"1.29e-05",NA,"[-44.928, -18.358]"
"Mean_Teleport_Distance","FDR_within_outcome","YA - OA",0.535658242982849,0.201865847905412,58.0000000000045,0.131579845778783,0.939736640186914,2.65353574436148,"0.010261",NA,"[0.132, 0.940]"
