"Age","Block_Num","Total_Time_mean","Total_Time_sd","Orientation_Time_mean","Orientation_Time_sd","Navigation_Time_mean","Navigation_Time_sd","Distance_mean","Distance_sd","Speed_mean","Speed_sd","Mean_Dwell_mean","Mean_Dwell_sd","Teleportations_mean","Teleportations_sd","Mean_Teleport_Distance_mean","Mean_Teleport_Distance_sd"
"YA","1",56.3769033833333,20.5538556978435,5.02883350916667,2.31143564511152,51.3480698741667,19.8339041560278,358.474090813001,106.127798731077,9.36965407430323,2.44785323671406,1.21807981205879,0.42745920061239,52.175,22.1759616671311,6.26267759756904,0.672768700273436
"YA","2",23.65794843,10.3885054436222,2.98566079833333,0.979707181417726,20.6722876316667,9.9244651012205,215.858176401962,62.2764339613348,14.3035367633477,4.55183883625253,0.801474353981125,0.288404794192339,28.925,11.5253468793636,5.95158084284526,0.654461824063759
"YA","3",17.4612387916667,10.942202857166,2.45467788375,0.979382552201161,15.0065609079167,10.4490362892269,190.125616609775,67.2586449418131,17.7533764310269,5.49737333101592,0.654962347476425,0.250613638985169,24.6541666666667,12.1756046428726,5.92946606033238,0.690179956506339
"OA","1",115.450042405417,59.3908155327097,9.78600926231884,4.59831303244754,103.77550228125,53.3190217477304,525.16620913897,243.686622366092,6.82319548663653,2.37001269725582,1.6236740363309,0.830135708139039,87.8666666666667,55.2887008836552,5.83529626696298,0.935748521978417
"OA","2",62.5484898575,35.8231107285763,5.74548042940217,2.19715509506647,56.8954554095833,34.9963335102051,368.478100117176,186.041828406335,8.96037680650383,2.33731861140036,1.04963932802117,0.321165867342009,61.3791666666667,36.4931424139814,5.40766283182555,0.936995824546604
"OA","3",46.54291415125,29.3981834191403,4.48117097856884,1.7537178950961,42.1077756591667,28.8460559808508,309.902825174141,146.653699157295,10.9877756931506,3.13930406820641,0.843719615324646,0.246926058351017,51.4375,28.8244117609028,5.29379067300558,0.985038294548952
