"Age_pairwise","Block_Num_pairwise","estimate","SE","df","t.ratio","p.value","outcome","p.adj","significant"
"YA - OA","1 - 2",-14.0721946107565,39.6282712296886,116,-0.355104933273344,0.723155819576259,"Distance",1,FALSE
"YA - OA","1 - 3",-46.9149097616048,39.6282712296887,115.999999999999,-1.18387475168125,0.238882937538492,"Distance",0.716648812615475,FALSE
"YA - OA","2 - 3",-32.8427151508483,39.6282712296887,116,-0.828769818407905,0.408936716979075,"Distance",1,FALSE
