"contrast","Block_Num","estimate","SE","df","t.ratio","p.value","outcome","p.adj","significant"
"YA - OA","1",-166.692118325971,38.7538141620528,119.554479503289,-4.301308708065,3.48844072215181e-05,"Distance",0.000104653221664554,TRUE
"YA - OA","2",-152.619923715214,38.7538141620528,119.554479503287,-3.93819104042299,0.000138498857595717,"Distance",0.000415496572787152,TRUE
"YA - OA","3",-119.777208564366,38.7538141620528,119.554479503287,-3.09072051756005,0.00248446609906433,"Distance",0.00745339829719298,TRUE
