"contrast","Age","estimate","SE","df","t.ratio","p.value","outcome","p.adj","significant"
"Block_Num1 - Block_Num2","YA",142.615914411038,28.0214193132126,115.999999999999,5.0895321474238,4.16922433965627e-06,"Distance",2.50153460379376e-05,TRUE
"Block_Num1 - Block_Num3","YA",168.348474203225,28.0214193132126,115.999999999999,6.00784964963731,6.63923382937526e-08,"Distance",3.98354029762515e-07,TRUE
"Block_Num2 - Block_Num3","YA",25.732559792187,28.0214193132126,116,0.918317502213518,0.629855222023154,"Distance",1,FALSE
"Block_Num1 - Block_Num2","OA",156.688109021794,28.0214193132126,115.999999999999,5.59172636012455,4.53318296345095e-07,"Distance",2.71990977807057e-06,TRUE
"Block_Num1 - Block_Num3","OA",215.263383964829,28.0214193132126,116,7.68210137961601,1.6436740857273e-11,"Distance",9.86204451436379e-11,TRUE
"Block_Num2 - Block_Num3","OA",58.5752749430353,28.0214193132126,116,2.09037501949146,0.0962587963245466,"Distance",0.57755277794728,FALSE
