"Age","Block_Num","emmean","SE","df","lower.CL","upper.CL","outcome"
"YA","1",358.474090812999,27.4030847908308,119.554479503291,304.215830719871,412.732350906128,"Distance"
"OA","1",525.16620913897,27.4030847908308,119.554479503287,470.907949045842,579.424469232098,"Distance"
"YA","2",215.858176401962,27.4030847908308,119.554479503287,161.599916308834,270.11643649509,"Distance"
"OA","2",368.478100117176,27.4030847908308,119.554479503286,314.219840024048,422.736360210304,"Distance"
"YA","3",190.125616609775,27.4030847908308,119.554479503287,135.867356516647,244.383876702903,"Distance"
"OA","3",309.902825174141,27.4030847908308,119.554479503287,255.644565081012,364.161085267269,"Distance"
