"contrast","Age","estimate","SE","df","t.ratio","p.value","outcome","p.adj","significant"
"Block_Num1 - Block_Num2","YA",0.416605458077672,0.0723730384739637,116,5.75636268508398,2.13772528789846e-07,"Mean_Dwell",1.28263517273908e-06,TRUE
"Block_Num1 - Block_Num3","YA",0.563117464582373,0.0723730384739637,116,7.78076306392684,9.86932757740533e-12,"Mean_Dwell",5.9215965464432e-11,TRUE
"Block_Num2 - Block_Num3","YA",0.146512006504701,0.0723730384739634,116,2.02440037884287,0.11090708765741,"Mean_Dwell",0.665442525944461,FALSE
"Block_Num1 - Block_Num2","OA",0.574034708309719,0.0723730384739633,116,7.93160989801792,4.51605419726775e-12,"Mean_Dwell",2.70963251836065e-11,TRUE
"Block_Num1 - Block_Num3","OA",0.779954421006247,0.0723730384739633,116,10.7768643883432,2.12052597703405e-14,"Mean_Dwell",1.27231558622043e-13,TRUE
"Block_Num2 - Block_Num3","OA",0.205919712696528,0.0723730384739634,116,2.84525449032527,0.0144148463086502,"Mean_Dwell",0.0864890778519012,FALSE
