"contrast","Block_Num","estimate","SE","df","t.ratio","p.value","outcome","p.adj","significant"
"YA - OA","1",0.427381330605772,0.21294687115071,71.3687198563893,2.00698572510745,0.0485398016033906,"Mean_Teleport_Distance",0.145619404810172,FALSE
"YA - OA","2",0.543918011019533,0.212946871150712,71.3687198563893,2.554242793427,0.0127771839488394,"Mean_Teleport_Distance",0.0383315518465182,TRUE
"YA - OA","3",0.635675387326617,0.212946871150712,71.3687198563893,2.9851360759216,0.00388020206545576,"Mean_Teleport_Distance",0.0116406061963673,TRUE
