"contrast","Age","estimate","SE","df","t.ratio","p.value","outcome","p.adj","significant"
"Block_Num1 - Block_Num2","YA",0.311096754723674,0.0830352671411535,116.000000000002,3.74656173737399,0.000815401482559208,"Mean_Teleport_Distance",0.00489240889535525,TRUE
"Block_Num1 - Block_Num3","YA",0.33321153723656,0.0830352671411535,116.000000000002,4.01289173514822,0.000312300662618226,"Mean_Teleport_Distance",0.00187380397570935,TRUE
"Block_Num2 - Block_Num3","YA",0.0221147825128857,0.083035267141154,116,0.266329997774224,0.961666511339336,"Mean_Teleport_Distance",1,FALSE
"Block_Num1 - Block_Num2","OA",0.427633435137436,0.083035267141154,115.999999999999,5.15002179026521,3.21141678027992e-06,"Mean_Teleport_Distance",1.92685006816795e-05,TRUE
"Block_Num1 - Block_Num3","OA",0.541505593957405,0.083035267141154,115.999999999999,6.52139280815324,5.67357183456352e-09,"Mean_Teleport_Distance",3.40414310073811e-08,TRUE
"Block_Num2 - Block_Num3","OA",0.113872158819969,0.083035267141154,116,1.37137101788803,0.359244154985065,"Mean_Teleport_Distance",1,FALSE
