"Age","Block_Num","emmean","SE","df","lower.CL","upper.CL","outcome"
"YA","1",6.26267759756877,0.150576176623124,71.3687198563916,5.96246410717681,6.56289108796072,"Mean_Teleport_Distance"
"OA","1",5.83529626696299,0.150576176623127,71.3687198563872,5.53508277657103,6.13550975735496,"Mean_Teleport_Distance"
"YA","2",5.95158084284509,0.150576176623126,71.3687198563913,5.65136735245313,6.25179433323705,"Mean_Teleport_Distance"
"OA","2",5.40766283182556,0.150576176623127,71.3687198563872,5.1074493414336,5.70787632221752,"Mean_Teleport_Distance"
"YA","3",5.92946606033221,0.150576176623126,71.3687198563913,5.62925256994024,6.22967955072417,"Mean_Teleport_Distance"
"OA","3",5.29379067300559,0.150576176623127,71.3687198563869,4.99357718261363,5.59400416339755,"Mean_Teleport_Distance"
