"Age_pairwise","Block_Num_pairwise","estimate","SE","df","t.ratio","p.value","outcome","p.adj","significant"
"YA - OA","1 - 2",-0.157429250232047,0.102350932560029,116,-1.5381320550227,0.126739676163129,"Mean_Dwell",0.380219028489388,FALSE
"YA - OA","1 - 3",-0.216836956423874,0.102350932560029,116,-2.11856356361677,0.036261244913348,"Mean_Dwell",0.108783734740044,FALSE
"YA - OA","2 - 3",-0.0594077061918273,0.102350932560029,116,-0.580431508594068,0.562749523770272,"Mean_Dwell",1,FALSE
