"Age_pairwise","Block_Num_pairwise","estimate","SE","df","t.ratio","p.value","outcome","p.adj","significant"
"YA - OA","1 - 2",-0.116536680413762,0.117429600946293,116.000000000001,-0.992396120523826,0.323069919162517,"Mean_Teleport_Distance",0.969209757487552,FALSE
"YA - OA","1 - 3",-0.208294056720845,0.117429600946293,116.000000000001,-1.7737781193356,0.0787237915212946,"Mean_Teleport_Distance",0.236171374563884,FALSE
"YA - OA","2 - 3",-0.0917573763070835,0.117429600946293,116,-0.781381998811775,0.436169714360491,"Mean_Teleport_Distance",1,FALSE
