"contrast","Block_Num","estimate","SE","df","t.ratio","p.value","outcome","p.adj","significant"
"YA - OA","1",-0.405594224272094,0.114598390567862,100.998878956793,-3.53926632182423,0.000608217022518511,"Mean_Dwell",0.00182465106755553,TRUE
"YA - OA","2",-0.248164974040047,0.114598390567862,100.998878956791,-2.16551884202153,0.0327020512850194,"Mean_Dwell",0.0981061538550583,FALSE
"YA - OA","3",-0.18875726784822,0.114598390567862,100.998878956791,-1.64711971008392,0.102641438387079,"Mean_Dwell",0.307924315161237,FALSE
