"Age","Block_Num","emmean","SE","df","lower.CL","upper.CL","outcome"
"YA","1",1.2180798120588,0.0810332990836001,100.998878956793,1.05733152276465,1.37882810135294,"Mean_Dwell"
"OA","1",1.62367403633089,0.0810332990835994,100.998878956792,1.46292574703675,1.78442232562504,"Mean_Dwell"
"YA","2",0.801474353981125,0.0810332990835995,100.998878956792,0.640726064686979,0.96222264327527,"Mean_Dwell"
"OA","2",1.04963932802117,0.0810332990835995,100.998878956791,0.888891038727026,1.21038761731532,"Mean_Dwell"
"YA","3",0.654962347476424,0.0810332990835995,100.998878956792,0.494214058182278,0.815710636770569,"Mean_Dwell"
"OA","3",0.843719615324644,0.0810332990835995,100.998878956792,0.682971326030498,1.00446790461879,"Mean_Dwell"
