"Age_pairwise","Block_Num_pairwise","estimate","SE","df","t.ratio","p.value","outcome","p.adj","significant"
"YA - OA","1 - 2",-16.2042646291668,8.36992566097886,116.000000000001,-1.93601057948605,0.0552994731853884,"Navigation_Time",0.165898419556165,FALSE
"YA - OA","1 - 3",-25.3262176558335,8.36992566097886,116.000000000001,-3.02585933037685,0.00305423226028132,"Navigation_Time",0.00916269678084396,TRUE
"YA - OA","2 - 3",-9.12195302666665,8.36992566097887,116,-1.0898487508908,0.278038606528173,"Navigation_Time",0.834115819584519,FALSE
