"contrast","Age","estimate","SE","df","t.ratio","p.value","outcome","p.adj","significant"
"Block_Num1 - Block_Num2","YA",30.6757822424997,5.91843119290544,116.000000000002,5.183093499384,2.78223315819393e-06,"Navigation_Time",1.66933989491636e-05,TRUE
"Block_Num1 - Block_Num3","YA",36.3415089662497,5.91843119290544,116.000000000003,6.14039561865872,3.55017656383794e-08,"Navigation_Time",2.13010593830276e-07,TRUE
"Block_Num2 - Block_Num3","YA",5.66572672375,5.91843119290546,116.000000000001,0.95730211927472,0.605259473618223,"Navigation_Time",1,FALSE
"Block_Num1 - Block_Num2","OA",46.8800468716665,5.91843119290546,116,7.92102591779095,4.77096140372169e-12,"Navigation_Time",2.86257684223301e-11,TRUE
"Block_Num1 - Block_Num3","OA",61.6677266220832,5.91843119290546,115.999999999999,10.4196069215108,2.65343302885412e-14,"Navigation_Time",1.59205981731247e-13,TRUE
"Block_Num2 - Block_Num3","OA",14.7876797504167,5.91843119290546,116,2.49858100371986,0.036675300262809,"Navigation_Time",0.220051801576854,FALSE
