"contrast","Block_Num","estimate","SE","df","t.ratio","p.value","outcome","p.adj","significant"
"YA - OA","1",-52.4274324070832,7.8179405595205,127.520025550917,-6.70604131713925,5.8427655396609e-10,"Navigation_Time",1.75282966189827e-09,TRUE
"YA - OA","2",-36.2231677779164,7.81794055952051,127.520025550918,-4.63333885722688,8.76000233233106e-06,"Navigation_Time",2.62800069969932e-05,TRUE
"YA - OA","3",-27.1012147512498,7.81794055952051,127.520025550918,-3.46654141777101,0.000719056586241258,"Navigation_Time",0.00215716975872377,TRUE
