"Age","Block_Num","emmean","SE","df","lower.CL","upper.CL","outcome"
"YA","1",51.3480698741665,5.5281187845503,127.520025550916,40.4093494907655,62.2867902575676,"Navigation_Time"
"OA","1",103.77550228125,5.5281187845503,127.520025550918,92.8367818978487,114.714222664651,"Navigation_Time"
"YA","2",20.6722876316668,5.52811878455031,127.520025550917,9.73356724826574,31.6110080150679,"Navigation_Time"
"OA","2",56.8954554095832,5.5281187845503,127.520025550919,45.9567350261822,67.8341757929843,"Navigation_Time"
"YA","3",15.0065609079168,5.5281187845503,127.520025550918,4.06784052451575,25.9452812913179,"Navigation_Time"
"OA","3",42.1077756591666,5.5281187845503,127.520025550918,31.1690552757655,53.0464960425677,"Navigation_Time"
