"contrast","Block_Num","estimate","SE","df","t.ratio","p.value","outcome","p.adj","significant"
"YA - OA","1",-4.75717575315223,0.635166214799362,132.897514711108,-7.48965490026093,8.58922667957124e-12,"Orientation_Time",2.57676800387137e-11,TRUE
"YA - OA","2",-2.75981963106886,0.635166214799363,132.897514711108,-4.34503531007334,2.74367574950875e-05,"Orientation_Time",8.23102724852625e-05,TRUE
"YA - OA","3",-2.02649309481886,0.635166214799363,132.897514711108,-3.19049257911016,0.00177225383323598,"Orientation_Time",0.00531676149970795,TRUE
