"Age_pairwise","Block_Num_pairwise","estimate","SE","df","t.ratio","p.value","outcome","p.adj","significant"
"YA - OA","1 - 2",-1.99735612208337,0.699696836402099,116.000000000001,-2.85460219079158,0.00510575920654758,"Orientation_Time",0.0153172776196427,TRUE
"YA - OA","1 - 3",-2.73068265833337,0.699696836402099,116.000000000001,-3.90266543489716,0.000160086186289419,"Orientation_Time",0.000480258558868256,TRUE
"YA - OA","2 - 3",-0.733326536250001,0.6996968364021,116,-1.04806324410559,0.296788268416373,"Orientation_Time",0.89036480524912,FALSE
