"Age","Block_Num","emmean","SE","df","lower.CL","upper.CL","outcome"
"YA","1",5.02883350916662,0.449130337665219,132.89751471111,4.14046480925162,5.91720220908163,"Orientation_Time"
"OA","1",9.78600926231885,0.449130337665221,132.897514711107,8.89764056240384,10.6743779622339,"Orientation_Time"
"YA","2",2.98566079833332,0.449130337665221,132.897514711108,2.09729209841831,3.87402949824833,"Orientation_Time"
"OA","2",5.74548042940218,0.449130337665221,132.897514711107,4.85711172948717,6.63384912931719,"Orientation_Time"
"YA","3",2.45467788374999,0.449130337665221,132.897514711108,1.56630918383498,3.343046583665,"Orientation_Time"
"OA","3",4.48117097856885,0.449130337665221,132.897514711107,3.59280227865384,5.36953967848386,"Orientation_Time"
