"contrast","Age","estimate","SE","df","t.ratio","p.value","outcome","p.adj","significant"
"Block_Num1 - Block_Num2","YA",2.0431727108333,0.494760377794699,116.000000000002,4.12962072658357,0.000202109581629251,"Orientation_Time",0.0012126574897755,TRUE
"Block_Num1 - Block_Num3","YA",2.57415562541664,0.494760377794699,116.000000000003,5.20283300956809,2.55327658016391e-06,"Orientation_Time",1.53196594809835e-05,TRUE
"Block_Num2 - Block_Num3","YA",0.530982914583332,0.494760377794699,116.000000000001,1.07321228298452,0.532567725289868,"Orientation_Time",1,FALSE
"Block_Num1 - Block_Num2","OA",4.04052883291667,0.494760377794699,115.999999999999,8.16663785998096,1.34026123532749e-12,"Orientation_Time",8.04156741196493e-12,TRUE
"Block_Num1 - Block_Num3","OA",5.30483828375001,0.494760377794699,115.999999999999,10.7220353970043,2.23154827949656e-14,"Orientation_Time",1.33892896769794e-13,TRUE
"Block_Num2 - Block_Num3","OA",1.26430945083333,0.494760377794699,116,2.55539753702338,0.0316918945365973,"Orientation_Time",0.190151367219584,FALSE
