"outcome","Age_pairwise","estimate","SE","p.value","p.adj"
"Total_Time","YA - OA",-29.9914636624995,9.10263097846708,0.00130662314831451,0.00391986944494352
"Orientation_Time","YA - OA",-1.99735612208337,0.699696836402099,0.00510575920654758,0.0153172776196427
"Orientation_Time","YA - OA",-2.73068265833337,0.699696836402099,0.000160086186289419,0.000480258558868256
"Navigation_Time","YA - OA",-25.3262176558335,8.36992566097886,0.00305423226028132,0.00916269678084396
"Speed","YA - OA",-2.7967013691771,0.669296212188945,5.71205394977557e-05,0.000171361618493267
"Speed","YA - OA",-4.21914215020952,0.669296212188945,5.43004484314826e-09,1.62901345294448e-08
