"Age_pairwise","Block_Num_pairwise","estimate","SE","df","t.ratio","p.value","outcome","p.adj","significant"
"YA - OA","1 - 2",-2.7967013691771,0.669296212188945,116,-4.17857044197283,5.71205394977557e-05,"Speed",0.000171361618493267,TRUE
"YA - OA","1 - 3",-4.21914215020952,0.669296212188945,116,-6.30384883908239,5.43004484314826e-09,"Speed",1.62901345294448e-08,TRUE
"YA - OA","2 - 3",-1.42244078103242,0.669296212188943,116,-2.12527839710956,0.0356850693354432,"Speed",0.10705520800633,FALSE
