"contrast","Age","estimate","SE","df","t.ratio","p.value","outcome","p.adj","significant"
"Block_Num1 - Block_Num2","YA",-4.93388268904442,0.473263890261274,116,-10.4252253141912,2.63122856836162e-14,"Speed",1.57873714101697e-13,TRUE
"Block_Num1 - Block_Num3","YA",-8.38372235672361,0.473263890261274,116,-17.7146884206509,2.1094237467878e-15,"Speed",1.26565424807268e-14,TRUE
"Block_Num2 - Block_Num3","YA",-3.44983966767919,0.473263890261272,116.000000000001,-7.28946310645982,1.23113852446011e-10,"Speed",7.38683114676064e-10,TRUE
"Block_Num1 - Block_Num2","OA",-2.13718131986732,0.473263890261272,116,-4.51583432382188,4.51298736018346e-05,"Speed",0.000270779241611008,TRUE
"Block_Num1 - Block_Num3","OA",-4.16458020651409,0.473263890261272,115.999999999999,-8.7996998972708,7.69384556065233e-14,"Speed",4.6163073363914e-13,TRUE
"Block_Num2 - Block_Num3","OA",-2.02739888664677,0.473263890261272,116,-4.28386557344892,0.000112254050028238,"Speed",0.000673524300169426,TRUE
