"contrast","Block_Num","estimate","SE","df","t.ratio","p.value","outcome","p.adj","significant"
"YA - OA","1",2.54645858766663,0.930158794228439,82.915253400725,2.73766006779402,0.00757054818879155,"Speed",0.0227116445663747,TRUE
"YA - OA","2",5.34315995684373,0.930158794228437,82.915253400725,5.74435245895392,1.47958003032236e-07,"Speed",4.43874009096707e-07,TRUE
"YA - OA","3",6.76560073787615,0.930158794228437,82.915253400725,7.27359756189608,1.78943627010989e-10,"Speed",5.36830881032968e-10,TRUE
