"Age","Block_Num","emmean","SE","df","lower.CL","upper.CL","outcome"
"YA","1",9.36965407430312,0.657721590979233,82.915253400726,8.06145250911144,10.6778556394948,"Speed"
"OA","1",6.82319548663649,0.65772159097923,82.9152534007246,5.51499392144482,8.13139705182816,"Speed"
"YA","2",14.3035367633475,0.657721590979229,82.9152534007255,12.9953351981559,15.6117383285392,"Speed"
"OA","2",8.96037680650381,0.657721590979231,82.9152534007246,7.65217524131214,10.2685783716955,"Speed"
"YA","3",17.7533764310267,0.657721590979229,82.9152534007255,16.4451748658351,19.0615779962184,"Speed"
"OA","3",10.9877756931506,0.657721590979231,82.9152534007241,9.67957412795891,12.2959772583423,"Speed"
