"contrast","Block_Num","estimate","SE","df","t.ratio","p.value","outcome","p.adj","significant"
"YA - OA","1",-35.6916666666675,8.15971735384757,117.183345006779,-4.37413026933313,2.65774893839069e-05,"Teleportations",7.97324681517208e-05,TRUE
"YA - OA","2",-32.4541666666669,8.15971735384759,117.183345006777,-3.9773640751617,0.000121038431169501,"Teleportations",0.000363115293508503,TRUE
"YA - OA","3",-26.7833333333335,8.15971735384759,117.183345006777,-3.28238493710867,0.00135680364227646,"Teleportations",0.00407041092682938,TRUE
