"Age_pairwise","Block_Num_pairwise","estimate","SE","df","t.ratio","p.value","outcome","p.adj","significant"
"YA - OA","1 - 2",-3.2375000000006,8.22175584698673,115.999999999999,-0.393772335283727,0.694472008206797,"Teleportations",1,FALSE
"YA - OA","1 - 3",-8.90833333333394,8.22175584698673,115.999999999999,-1.08350740390799,0.280830252119954,"Teleportations",0.842490756359863,FALSE
"YA - OA","2 - 3",-5.67083333333333,8.22175584698674,116,-0.689735068624263,0.491738342795418,"Teleportations",1,FALSE
