"contrast","Age","estimate","SE","df","t.ratio","p.value","outcome","p.adj","significant"
"Block_Num1 - Block_Num2","YA",23.2499999999995,5.81365931266445,116,3.99920235252723,0.000328465012414014,"Teleportations",0.00197079007448409,TRUE
"Block_Num1 - Block_Num3","YA",27.5208333333328,5.81365931266445,116,4.73382285635169,1.8638509360458e-05,"Teleportations",0.000111831056162748,TRUE
"Block_Num2 - Block_Num3","YA",4.27083333333333,5.81365931266447,115.999999999999,0.734620503824459,0.743464479089425,"Teleportations",1,FALSE
"Block_Num1 - Block_Num2","OA",26.4875000000001,5.81365931266447,115.999999999999,4.55608052957278,3.84083563585991e-05,"Teleportations",0.000230450138151594,TRUE
"Block_Num1 - Block_Num3","OA",36.4291666666668,5.81365931266447,116,6.26613372189001,1.94894366201126e-08,"Teleportations",1.16936619720676e-07,TRUE
"Block_Num2 - Block_Num3","OA",9.94166666666667,5.81365931266447,115.999999999999,1.71005319231723,0.20576922308161,"Teleportations",1,FALSE
