"Age","Block_Num","emmean","SE","df","lower.CL","upper.CL","outcome"
"YA","1",52.1749999999993,5.76979147347114,117.183345006781,40.7484171329054,63.6015828670931,"Teleportations"
"OA","1",87.8666666666668,5.76979147347119,117.183345006777,76.4400837995728,99.2932495337607,"Teleportations"
"YA","2",28.9249999999998,5.76979147347118,117.183345006777,17.4984171329059,40.3515828670938,"Teleportations"
"OA","2",61.3791666666667,5.76979147347119,117.183345006777,49.9525837995727,72.8057495337606,"Teleportations"
"YA","3",24.6541666666665,5.76979147347118,117.183345006777,13.2275837995725,36.0807495337604,"Teleportations"
"OA","3",51.4375,5.76979147347119,117.183345006777,40.0109171329061,62.864082867094,"Teleportations"
