"Age","Block_Num","emmean","SE","df","lower.CL","upper.CL","outcome"
"YA","1",56.3769033833333,5.9277742150789,130.141581659872,44.6496308840749,68.1041758825916,"Total_Time"
"OA","1",115.450042405416,5.92777421507888,130.141581659872,103.722769906158,127.177314904675,"Total_Time"
"YA","2",23.6579484299998,5.92777421507889,130.141581659872,11.9306759307415,35.3852209292581,"Total_Time"
"OA","2",62.5484898574999,5.92777421507889,130.141581659872,50.8212173582416,74.2757623567582,"Total_Time"
"YA","3",17.4612387916665,5.92777421507889,130.141581659872,5.73396629240813,29.1885112909248,"Total_Time"
"OA","3",46.5429141512499,5.92777421507889,130.141581659871,34.8156416519916,58.2701866505082,"Total_Time"
