"Age_pairwise","Block_Num_pairwise","estimate","SE","df","t.ratio","p.value","outcome","p.adj","significant"
"YA - OA","1 - 2",-20.1825975945828,9.10263097846708,116,-2.21722682621389,0.0285567339456069,"Total_Time",0.0856702018368207,FALSE
"YA - OA","1 - 3",-29.9914636624995,9.10263097846708,116,-3.29481264630483,0.00130662314831451,"Total_Time",0.00391986944494352,TRUE
"YA - OA","2 - 3",-9.80886606791664,9.10263097846707,116,-1.07758582009094,0.283454457600737,"Total_Time",0.850363372802211,FALSE
