"contrast","Age","estimate","SE","df","t.ratio","p.value","outcome","p.adj","significant"
"Block_Num1 - Block_Num2","YA",32.7189549533335,6.43653209151282,116,5.08332041045465,4.28205346247879e-06,"Total_Time",2.56923207748727e-05,TRUE
"Block_Num1 - Block_Num3","YA",38.9156645916668,6.43653209151282,116,6.04606083499231,5.5466600312748e-08,"Total_Time",3.32799601876488e-07,TRUE
"Block_Num2 - Block_Num3","YA",6.19670963833335,6.43653209151281,116.000000000001,0.962740424537666,0.601828320217776,"Total_Time",1,FALSE
"Block_Num1 - Block_Num2","OA",52.9015525479163,6.4365320915128,115.999999999999,8.21895265894381,1.02418074021671e-12,"Total_Time",6.14508444130024e-12,TRUE
"Block_Num1 - Block_Num3","OA",68.9071282541663,6.4365320915128,115.999999999999,10.705629564875,2.27595720048157e-14,"Total_Time",1.36557432028894e-13,TRUE
"Block_Num2 - Block_Num3","OA",16.00557570625,6.43653209151281,115.999999999999,2.48667690593121,0.037801421088253,"Total_Time",0.226808526529518,FALSE
