"contrast","Block_Num","estimate","SE","df","t.ratio","p.value","outcome","p.adj","significant"
"YA - OA","1",-59.0731390220829,8.3831386896501,130.141581659872,-7.04666130539093,9.57907095126984e-11,"Total_Time",2.87372128538095e-10,TRUE
"YA - OA","2",-38.8905414275001,8.3831386896501,130.141581659872,-4.63913849779376,8.41416214113004e-06,"Total_Time",2.52424864233901e-05,TRUE
"YA - OA","3",-29.0816753595834,8.3831386896501,130.141581659872,-3.46906766501286,0.000708702483989577,"Total_Time",0.00212610745196873,TRUE
