Target_Name,Total_Time,Orientation_Time,Navigation_Time,Distance,Speed,Mean_Dwell,Dwell,Teleportations
Automobile shop,11.5499367,1.8775957000000003,9.672341,63.97814455270537,6.614546008324704,,10.339575699999997,18
Police station ,33.4022886,2.0480106,31.354277999999997,187.31730757189501,5.9742184964965555,,31.158492999999996,29
Fire Station,61.3595819,1.7637169000000001,59.595865,308.39258679240714,5.174731280306228,,59.30174289999998,53
Bank,13.4997712,2.9166072000000005,10.583164,134.29153638871878,12.689167094898915,,10.496632999999996,13
Pawn Shop,156.7439507,1.6528497,155.09110099999998,737.8687417615715,4.757647195770256,,153.60019570000009,144
Pizzeria,17.0485727,4.7569257,12.291647000000001,151.2353884578399,12.30391569639446,,15.868918699999998,22
Quattroki Restaurant,67.66645640000002,1.8681884,65.79826800000001,397.1130587338548,6.0353117309084,,65.6377314,67
High School,19.2424089,2.6792799000000005,16.563129,208.97318080143594,12.616769500583853,,16.410798000000003,23
