Target_Name,Total_Time,Orientation_Time,Navigation_Time,Distance,Speed,Mean_Dwell,Dwell,Teleportations
Automobile shop,13.938426699999999,4.9727987,8.965627999999999,65.0641897604286,7.257069974398738,,12.292618700000002,22
Police station ,11.950936800000001,2.1460408,9.804896,115.19028037208493,11.748240916791461,,9.645499999999998,24
Fire Station,12.305202900000001,2.7845129,9.520690000000002,143.04921427265722,15.02508896651999,,11.0735599,32
Bank,155.0728815,6.2153815,148.85750000000002,972.0600873613297,6.530138470425269,,152.5673594999999,307
Pawn Shop,15.853390599999999,2.8330186000000004,13.020372,138.09196751809841,10.605838874503617,,14.839009599999997,32
Pizzeria,13.062288599999999,2.1944206,10.867868,128.33955031597935,11.809082546455235,,10.660672999999997,31
Quattroki Restaurant,14.6243506,2.2566656,12.367685,192.86945178230474,15.594628403157481,,13.095341599999994,39
High School,66.1031403,7.5833273,58.519813,427.6878296290204,7.30842782476117,,65.02587029999997,106
