"Outcome","Correction","contrast","estimate","SE","df","t.ratio","p.value"
"Total_Time","FDR_within_outcome","YA - OA",-41.7511646134721,6.45462842991677,57.9999999999954,-6.4684071386601,"2.28e-08"
"Orientation_Time","FDR_within_outcome","YA - OA",-3.18377085777851,0.490880766447021,57.999823061082,-6.48583337420721,"2.13e-08"
"Navigation_Time","FDR_within_outcome","YA - OA",-38.5839383120841,6.14559474871996,57.9999999999954,-6.27830826627815,"4.72e-08"
"Distance","FDR_within_outcome","YA - OA",-146.363083535181,31.2792477086146,57.9999999999985,-4.67923924829149,"1.77e-05"
"Speed","FDR_within_outcome","YA - OA",4.88507309412921,0.846098368142468,57.9999999999976,5.77364675085468,"3.21e-07"
"Mean_Dwell","FDR_within_outcome","YA - OA",-0.280838822053556,0.0981880453410694,58.0000000000056,-2.86021400138912,"0.005876"
"Teleportations","FDR_within_outcome","YA - OA",-31.6430555555553,6.63691923567212,57.9999999999995,-4.76773250237553,"1.29e-05"
"Mean_Teleport_Distance","FDR_within_outcome","YA - OA",0.535658242982849,0.201865847905412,58.0000000000045,2.65353574436148,"0.010261"
