Target_Name,Total_Time,Orientation_Time,Navigation_Time,Distance,Speed,Mean_Dwell,Teleportations,Mean_Teleport_Distance
Automobile shop,21.739586699999997,3.8514627000000003,17.888124,60.46115234852032,3.37996048934591,2.161714966666667,10,6.717905816502258
Police station ,28.2977789,3.1457989,25.15198,133.2869061296893,5.29926097785102,1.481772761538462,14,6.382491884413303
Fire Station,22.999409399999998,4.4724254,18.526984,137.38412037196792,7.415352675425635,1.4703592933333332,16,6.090978604061394
Bank,14.6668147,2.4240667,12.242748,139.90999071820545,11.427989101646578,1.5235714111111114,10,6.449642470393606
Pawn Shop,29.4297665,2.1527494999999996,27.277016999999997,130.50694634773333,4.784502145074491,1.8943475666666665,16,5.967893372056171
Pizzeria,45.07549159999999,4.8473306,40.22816099999999,226.67303603928698,5.634685513943504,1.4969959862068967,30,6.492902651081333
Quattroki Restaurant,24.5064735,3.3612664999999997,21.145207,189.13272504753414,8.944472619612291,1.3398987352941176,18,6.71512563817496
High School,30.6033829,2.8057629,27.797620000000002,217.0308987871105,7.807535277736385,1.4482858421052633,20,6.5766348129207755
