Target_Name,Total_Time,Orientation_Time,Navigation_Time,Distance,Speed,Mean_Dwell,Dwell,Teleportations
Automobile shop,16.324496699999997,2.6932807,13.631216,62.10167357677711,4.5558425291461235,,15.2811797,11
Police station ,23.9921818,4.784647800000001,19.207534,122.48237693755999,6.376788240362349,,22.930119800000003,12
Fire Station,18.075878000000003,3.416781,14.659097000000001,138.67239810612853,9.459818575873296,,16.475437000000003,15
Bank,12.8748525,2.6319645,10.242888,132.197060948136,12.906229273241687,,10.186821999999996,9
Pawn Shop,27.8808961,1.7636821000000003,26.117214,133.00454154129918,5.092600671009518,,25.735964100000004,16
Pizzeria,38.7978379,3.7709018999999997,35.026936,231.9910027901089,6.623217137522645,,37.6242209,30
Quattroki Restaurant,25.158872900000002,3.7984789,21.360394000000003,194.1074052662746,9.087257719416344,,24.18620689999999,21
High School,25.825757099999997,3.4307101,22.395046999999998,207.33420284098116,9.258038299315968,,24.276725099999997,20
