Target_Name,Total_Time,Orientation_Time,Navigation_Time,Distance,Speed,Mean_Dwell,Dwell,Teleportations
Automobile shop,10.7541967,4.5452886999999995,6.208908,63.79425854576392,10.27463421035775,,9.788715700000001,11
Police station ,12.5756479,1.5415729000000002,11.034075,181.4814380361496,16.44736310349074,,12.131074899999998,21
Fire Station,8.208018500000001,2.4581355,5.7498830000000005,136.91631408724737,23.81201740752766,,7.8199335,16
Bank,6.3122356,1.6805556,4.63168,130.26996969741998,28.12585707506131,,4.576387,9
Pawn Shop,25.853772300000003,1.8474923,24.00628,274.00715010456094,11.413977930131654,,23.7514103,39
Pizzeria,11.4098395,2.4028265,9.007013,127.73335415843829,14.181544332004215,,8.0211295,15
Quattroki Restaurant,9.6385065,1.6934875,7.945018999999999,190.1709711278944,23.935873674801083,,8.6519795,24
High School,23.2911032,3.7706862000000005,19.520417,304.8383881384707,15.61638709554569,,19.26308000000001,38
