Target_Name,Total_Time,Orientation_Time,Navigation_Time,Distance,Speed,Mean_Dwell,Dwell,Teleportations
Automobile shop,6.4839766999999995,1.6291187,4.854857999999999,64.2767069150484,13.239667754453045,,5.2667147,12
Police station ,22.4717354,1.2708164,21.200919,269.40415257804506,12.70719220134019,,21.2091654,38
Fire Station,6.7705377,1.6182167,5.152321,134.93661491525722,26.189481384264923,,5.055197000000001,15
Bank,4.7706045,1.3401255,3.4304790000000005,124.0075755291676,36.14876392747706,,3.3753039999999994,9
Pawn Shop,144.9136319,1.2085669,143.70506500000002,1305.4908262334318,9.08451505333811,,142.57915589999993,203
Pizzeria,16.0272095,1.8055305,14.221679000000002,242.91728299520855,17.080773866096155,,13.868342500000002,30
Quattroki Restaurant,15.2498433,2.5557663,12.694077,201.27676631800466,15.855959146774095,,13.465510300000002,21
High School,9.908758,1.562265,8.346493,249.48735367689997,29.8912793285635,,9.158227000000004,24
