Target_Name,Total_Time,Orientation_Time,Navigation_Time,Distance,Speed,Mean_Dwell,Dwell,Teleportations
Automobile shop,11.4461467,3.2567687000000003,8.189378,81.43418989550887,9.943879730000113,,8.0705387,14
Police station ,10.585535100000001,1.4514031,9.134132000000001,154.53549640550628,16.918465422385648,,9.6759451,16
Fire Station,6.1702363,1.7130533,4.457183,141.7980581270233,31.813380363117986,,5.885940299999999,15
Bank,5.0077563000000005,1.4453723,3.5623839999999998,132.51105729433633,37.197297454271165,,3.4998370000000003,10
Pawn Shop,8.978761299999999,1.0416733,7.937088,128.52005385882882,16.19234332022384,,8.292989299999999,17
Pizzeria,10.687516500000001,1.4653405,9.222176,169.97098939531176,18.43068158700417,,9.685382500000001,23
Quattroki Restaurant,7.0759475,1.2975795,5.778368,191.67935299171998,33.171883997647775,,6.492783500000001,20
High School,8.5748992,0.1944426,8.380456599999999,208.66491618876185,24.89899132569482,,7.056260600000002,21
