Target_Name,Total_Time,Orientation_Time,Navigation_Time,Distance,Speed,Mean_Dwell,Teleportations
Automobile shop,5.3547337,1.6942407000000002,3.6604929999999998,57.65985973715034,15.751938259996766,0.4045553083333333,13
Police station ,5.5552286,1.2778176,4.277411000000001,123.07524239080352,28.77330291402989,0.3494926666666666,13
Fire Station,8.346983700000001,1.0762317000000001,7.270752000000001,156.08697394617485,21.467789569246047,0.4424127055555556,19
Bank,5.437472099999999,1.0835371,4.353934999999999,128.70522128242413,29.560666680238487,0.5373202499999999,9
Pawn Shop,5.492861700000001,0.7430674,4.7497943000000005,127.1024020313431,26.75955925740681,0.34168570666666664,16
Pizzeria,7.548043099999999,1.5552590999999998,5.992784,120.85819133921318,20.16728641299489,0.5192216230769231,14
Quattroki Restaurant,8.9096159,0.6596762,8.2499397,193.13472824453382,23.41044119928947,0.36561382499999995,21
High School,7.923396200000001,1.6044842,6.318912,220.6050296741742,34.911869270243706,0.2676921304347827,24
