Target_Name,Total_Time,Orientation_Time,Navigation_Time,Distance,Speed,Mean_Dwell,Teleportations
Automobile shop,102.3855667,21.531926700000003,80.85364,237.64957315641152,2.9392563297881398,1.7028445203389841,60
Police station ,90.755733,11.229063,79.52667000000001,317.1887485175273,3.9884575642049045,1.4430103770491807,62
Fire Station,40.8324342,3.8401092,36.992324999999994,150.53704701810938,4.069412966557506,1.9853668099999997,21
Bank,28.1998271,4.3877921,23.812035,145.0024223194429,6.089459482125021,1.43321634,16
Pawn Shop,80.5272588,5.5561508,74.971108,372.2224541168053,4.964878658546773,1.2230671999999996,65
Pizzeria,43.887945300000005,2.7567603,41.131185,254.3814369294552,6.184636716142634,1.0229808404761909,43
Quattroki Restaurant,271.77126970000006,3.8123827,267.95888700000006,1252.500953465958,4.6742280783766565,1.2672765384976525,214
High School,103.8799738,4.819425800000001,99.060548,559.6313623001303,5.649386901232671,1.1793265609195398,88
