Target_Name,Total_Time,Orientation_Time,Navigation_Time,Distance,Speed,Mean_Dwell,Dwell,Teleportations
Automobile shop,17.078586700000002,4.8907497,12.187837,61.156849001848705,5.017859116580629,,15.3217557,16
Police station ,24.5550744,2.6321044,21.92297,142.10267399588847,6.481907971223263,,23.7885604,22
Fire Station,18.1940088,6.4586358,11.735373000000001,136.93613779585178,11.668665137090382,,11.617085999999993,18
Bank,78.79730330000001,0.1112822,78.6860211,434.95258200464065,5.527698261065594,,77.47108380000003,85
Pawn Shop,35.310894399999995,3.6110513999999996,31.699842999999998,138.33047179139012,4.363758892792943,,34.28961739999998,31
Pizzeria,119.7069112,2.0356332,117.671278,511.5921788367114,4.347638502207067,,116.90517320000004,114
Quattroki Restaurant,19.943418299999998,3.4723283,16.471089999999997,191.30540886406453,11.614617421437474,,18.881659299999992,23
High School,55.7008965,6.9171535,48.783743,255.94253663022073,5.246471895980198,,51.75566950000004,42
