Target_Name,Total_Time,Orientation_Time,Navigation_Time,Distance,Speed,Mean_Dwell,Dwell,Teleportations
Automobile shop,230.98076669999998,19.103546700000003,211.87722,1153.8932877884106,5.446046950155428,,227.61575669999985,168
Police station ,66.95676359999999,7.902828599999999,59.053935,292.2949204551817,4.949626480524654,,58.74176400000002,46
Fire Station,21.1798906,9.8956006,11.284290000000002,137.50816458224034,12.185805627313753,,11.180779,16
Bank,70.3316836,8.194279599999998,62.137404000000004,323.14030106283974,5.2004152130790615,,68.71485960000001,45
Pawn Shop,166.1074517,5.4650177,160.642434,794.0259506221162,4.942815735860402,,160.61018770000007,130
Pizzeria,27.818732599999997,11.4582426,16.360490000000002,126.26286375802101,7.717547809266165,,16.255939999999992,16
Quattroki Restaurant,194.2241008,8.6379988,185.58610199999998,932.2613558613854,5.023336046259463,,188.05171780000012,167
High School,26.388394400000003,5.2917994,21.096595,240.10464369759137,11.381203634880006,,20.91003300000001,28
