Target_Name,Total_Time,Orientation_Time,Navigation_Time,Distance,Speed,Mean_Dwell,Dwell,Teleportations
Automobile shop,7.684476699999999,2.9555887000000003,4.7288879999999995,60.943157078396275,12.887418158010146,,7.205438700000001,15
Police station ,18.929889799999998,3.0138018,15.916088,120.43406853858916,7.566813436730757,,17.8841778,20
Fire Station,11.9789767,2.6461037000000003,9.332873,139.86635082900693,14.986419597588753,,11.4426727,19
Bank,36.902141799999995,3.5903237999999997,33.311818,224.12100821955576,6.727972883964356,,34.55434780000001,40
Pawn Shop,65.5956157,1.7775226999999998,63.818093000000005,322.83643187372405,5.058697568316935,,63.41118170000001,67
Pizzeria,26.5104852,2.0243492,24.486136000000002,206.29554059953256,8.424993661700341,,24.258164000000008,34
Quattroki Restaurant,13.207943,2.965169,10.242774,186.93851884053586,18.25077062527552,,11.463594999999998,21
High School,17.124132099999997,8.0550241,9.069107999999998,237.54245014413488,26.192482231343472,,8.902005,25
