Target_Name,Total_Time,Orientation_Time,Navigation_Time,Distance,Speed,Mean_Dwell,Teleportations,Mean_Teleport_Distance
Automobile shop,6.0788397,2.1485397,3.9303,60.300505539869896,15.342468905648397,0.555845188888889,10,6.700056171096655
Police station ,7.0208359,3.6736869,3.3471490000000004,101.75177913432488,30.399536780204546,0.4114573750000001,9,6.3812456198610406
Fire Station,5.6317864,2.1798844,3.451902,132.7028399021062,38.44339726391601,0.2585595384615385,14,6.651149396776153
Bank,20.576021400000002,6.902608399999999,13.673413000000002,159.1639513770996,11.640396686408842,1.4542968666666667,13,6.522421812672049
Pawn Shop,38.589506,2.5902659999999997,35.99924,292.903669441722,8.136384808171561,0.9727250769230775,40,6.46505472976792
Pizzeria,7.0974049,2.5557499000000004,4.5416549999999996,127.50318310701992,28.074167480141035,0.342383076923077,14,6.84378633990797
Quattroki Restaurant,88.6095152,5.3264352,83.28308,546.4597401844295,6.561473713321235,1.0263595445783134,84,5.739370402702153
High School,61.547461899999995,11.062711899999998,50.48475,598.9310242799473,11.86360285591089,0.7554476487500001,81,6.313448402910157
