Target_Name,Total_Time,Orientation_Time,Navigation_Time,Distance,Speed,Mean_Dwell,Dwell,Teleportations
Automobile shop,27.1656767,16.284146699999997,10.881530000000001,61.708051075715645,5.670898400842128,,25.81205670000001,10
Police station ,70.8665926,3.5137726,67.35282000000001,324.94856260213584,4.824572491576979,,65.57642360000004,48
Fire Station,25.2498629,5.7013439,19.548519000000002,184.9558434069469,9.461373693165548,,19.375185999999992,26
Bank,599.4975569000001,4.1254569,595.3721,3267.0253422458723,5.487367214966694,,594.0546489000005,741
Pawn Shop,76.9844721,7.2288730999999995,69.755599,444.9893738470152,6.37926389030098,,69.51891009999997,106
Pizzeria,175.9139323,7.0068152999999995,168.90711699999997,859.7173792190831,5.089882501630072,,162.23673829999998,217
Quattroki Restaurant,453.3565281,11.7638681,441.59265999999997,2116.149279283998,4.7920843595634,,447.04919810000047,467
High School,48.388553099999996,12.499943100000001,35.88861,306.6169701027471,8.543573298122917,,42.60489310000001,45
