Target_Name,Total_Time,Orientation_Time,Navigation_Time,Distance,Speed,Mean_Dwell,Teleportations
Automobile shop,23.8369567,11.5587867,12.27817,57.122221759570635,4.652340027835633,2.2857836700000007,11
Police station ,75.0410414,6.6737614,68.36728000000001,627.8070788723252,9.182858801349493,0.5987604260162603,124
Fire Station,16.8604837,8.166656699999999,8.693826999999999,145.58734508652705,16.746059599130174,0.9532212764705882,18
Bank,147.1793207,5.610753699999999,141.568567,1175.1682916784532,8.301053804397506,0.566785649803922,256
Pawn Shop,114.62320999999999,12.96536,101.65785,875.3559506265259,8.610805271078682,0.5794107692307697,196
Pizzeria,17.7359081,5.7986911,11.937216999999999,125.00180642657502,10.471603760455643,0.5120726521739131,24
Quattroki Restaurant,14.200823499999998,3.3194755,10.881348,189.80385430083095,17.443046054664457,0.5413916458333335,25
High School,18.763782199999998,5.5000622,13.26372,242.1163554622495,18.25403095528626,0.5334780058823528,35
