Target_Name,Total_Time,Orientation_Time,Navigation_Time,Distance,Speed,Mean_Dwell,Dwell,Teleportations
Automobile shop,6.1865217,1.7145487,4.471973,61.74750496764876,13.807664976431825,,5.734751699999999,11
Police station ,7.0134910999999995,1.2015631,5.811928,118.50338308162868,20.389685330174203,,5.738318,11
Fire Station,9.0691855,2.4651235,6.604062000000001,137.4348644411121,20.810656296247988,,6.507037999999999,15
Bank,7.3402896,3.1944846,4.145805,138.20248837069252,33.33550139736252,,4.084196000000001,10
Pawn Shop,74.8187417,1.3055047,73.513237,830.5038812276937,11.29733793694452,,73.55374369999996,128
Pizzeria,7.5485169,1.8195968999999999,5.72892,125.94965907405246,21.984887042243997,,5.646350000000001,13
Quattroki Restaurant,8.207735799999998,1.0553398,7.1523959999999995,186.29877206701514,26.047043825176228,,7.299393800000001,19
High School,8.2288183,1.4305972999999998,6.798221000000001,202.40822636439265,29.773704968460518,,6.679751000000001,18
