Target_Name,Total_Time,Orientation_Time,Navigation_Time,Distance,Speed,Mean_Dwell,Dwell,Teleportations
Automobile shop,4.8304987,1.3863827,3.4441159999999997,59.29135124850074,17.215259662711926,,4.246167700000001,10
Police station ,5.2138856,1.0137706,4.200115,117.05822497015211,27.870242831482496,,4.131009000000001,11
Fire Station,6.7300766,1.5913816,5.138695,134.23441248945574,26.122276665467737,,6.355137599999999,15
Bank,5.9512462,1.5696342,4.3816120000000005,127.74971892132098,29.155872067476757,,4.326343000000001,9
Pawn Shop,7.5414681,1.6804341,5.861034,105.412328500514,17.985278450954898,,6.715603100000002,13
Pizzeria,6.6671701,1.2222011000000002,5.444969,124.07594483734923,22.78726377273208,,6.042707100000002,14
Quattroki Restaurant,7.832949,1.033721,6.799228,176.97712302042888,26.029002560353746,,7.096325000000002,19
High School,7.7359314999999995,1.1597995,6.576131999999999,192.81311265296566,29.320140266795995,,7.295066500000001,18
