Target_Name,Total_Time,Orientation_Time,Navigation_Time,Distance,Speed,Mean_Dwell,Dwell,Teleportations
Automobile shop,9.488707699999999,2.9820116999999997,6.506695999999999,61.01767431019536,9.377674062257615,,8.273512700000001,11
Police station ,15.2287331,1.8680741,13.360658999999998,146.88442833823225,10.99380115443649,,13.256889000000001,16
Fire Station,9.381965099999999,3.1877261,6.194239,135.9482638525797,21.947532836976375,,6.103852999999998,14
Bank,47.5616147,2.8543297,44.707285,372.63106900740564,8.33490714113831,,46.653449699999996,45
Pawn Shop,47.915706799999995,4.8611758,43.054531,334.94987414439805,7.779666073807611,,43.074862800000005,44
Pizzeria,12.937341700000001,3.9656017,8.97174,116.85570430000882,13.024865221240118,,8.888834000000001,13
Quattroki Restaurant,14.2770683,3.3332513,10.943817,187.1080976007554,17.097151533213268,,12.736503299999995,19
High School,9.089945199999999,2.1180331999999997,6.971912,213.32805992421316,30.598214653916052,,6.847023999999999,19
