"Outcome","Correction","contrast","estimate","SE","df","t.ratio","p.value"
"Total_Time","FDR_within_outcome","YA - OA",-42.3484519363886,6.53128757442656,58,-6.48393619999297,"2.14e-08"
"Orientation_Time","FDR_within_outcome","YA - OA",-3.18116282634665,0.490147154229063,58.0000000000002,-6.49021992456573,"2.09e-08"
"Navigation_Time","FDR_within_outcome","YA - OA",-38.583938312083,6.14559268110828,57.9999999999995,-6.27831037854024,"4.72e-08"
"Distance","FDR_within_outcome","YA - OA",-146.363083535182,31.2792500752776,57.9999999999995,-4.67923889424906,"1.77e-05"
"Speed","FDR_within_outcome","YA - OA",4.88507309412887,0.846094700732918,58.0000000000006,5.77367177680849,"3.21e-07"
"Mean_Dwell","FDR_within_outcome","YA - OA",-0.28083882205344,0.0981880168627087,58,-2.86021483096174,"0.005876"
"Teleportations","FDR_within_outcome","YA - OA",-31.643055555555,6.63690923731395,58,-4.76773968485991,"1.29e-05"
"Mean_Teleport_Distance","FDR_within_outcome","YA - OA",0.535658242984115,0.20186579586027,57.999999999998,2.65353642850368,"0.010261"
