Target_Name,Total_Time,Orientation_Time,Navigation_Time,Distance,Speed,Mean_Dwell,Dwell,Teleportations
Automobile shop,8.4175927,2.9318807,5.485712,56.15999487174687,10.237503330788577,,7.341267700000001,18
Police station ,14.055341,7.8472360000000005,6.208105,112.13130287622073,18.06208220966313,,6.100378999999999,16
Fire Station,27.908648400000004,3.6525734,24.256075,269.235474055435,11.099713125698822,,27.22785640000002,52
Bank,10.1595139,3.1667329,6.992781000000001,123.90191630082221,17.71854664128938,,6.909350000000001,13
Pawn Shop,6.6708259,3.0251129,3.6457129999999998,80.21497705185436,22.00254848690897,,5.5457359,12
Pizzeria,8.8887522,2.0418552,6.846897000000001,117.60107514112556,17.175820687988374,,6.715183999999999,20
Quattroki Restaurant,10.721774400000001,1.3958454,9.325928999999999,172.02583521473696,18.445973073002914,,9.806107399999995,29
High School,10.0621028,1.4305387999999999,8.631564,201.67946291931594,23.36534409283369,,8.440334,28
