Target_Name,Total_Time,Orientation_Time,Navigation_Time,Distance,Speed,Mean_Dwell,Dwell,Teleportations
Automobile shop,26.089156699999997,4.0827067,22.006449999999997,121.51357601026803,5.52172549458309,,25.436753700000004,19
Police station ,74.93540390000001,2.0761868999999997,72.859217,553.9048857349837,7.602399648832127,,73.2430579,76
Fire Station,68.4010753,2.9653283000000004,65.43574699999999,620.3299573236579,9.479985875666063,,66.9980463,82
Bank,150.0732069,2.4794449,147.593762,953.181887456504,6.45814480598783,,148.74785589999988,135
Pawn Shop,33.415599,2.4586759999999996,30.956923,207.8324660179914,6.71360218901573,,30.832483999999994,26
Pizzeria,51.9709559,1.8539689000000001,50.116987,330.6588574922572,6.597740153298864,,50.713631899999974,44
Quattroki Restaurant,29.4021908,3.4514478,25.950742999999996,206.69555317599807,7.964918506418028,,25.26184479999999,23
High School,51.9289005,2.9587305,48.970169999999996,588.7993687460884,12.023633341401274,,49.65009850000001,75
