Target_Name,Total_Time,Orientation_Time,Navigation_Time,Distance,Speed,Mean_Dwell,Dwell,Teleportations
Automobile shop,22.700116700000002,1.5262367000000001,21.17388,185.18215124752192,8.745782598537534,,21.033947700000006,38
Police station ,14.4855938,1.4027498,13.082844,147.408292941093,11.267297304859174,,12.950595,20
Fire Station,10.4093308,1.7568968,8.652434,138.06413500311595,15.956681669356387,,8.9090198,17
Bank,9.312368499999998,1.4445005,7.867868,141.9319630841755,18.039443860036226,,7.791580999999996,12
Pawn Shop,17.193054800000002,1.3123938,15.880661000000002,128.24957084168463,8.075833294450693,,16.518758799999997,21
Pizzeria,25.007635099999998,2.2581261,22.749509,287.98348536172097,12.658887950580427,,22.577854099999993,41
Quattroki Restaurant,26.8950192,1.1109692000000002,25.78405,414.2188673778271,16.06492647112564,,25.873006200000003,55
High School,24.9436939,1.6112809,23.332413,456.15976756223733,19.550475450706163,,24.322897900000005,57
