Target_Name,Total_Time,Orientation_Time,Navigation_Time,Distance,Speed,Mean_Dwell,Dwell,Teleportations
Automobile shop,19.3870467,7.4430496999999995,11.943997000000001,56.56630805124032,4.735961341185895,,17.262313699999996,11
Police station ,58.7140546,6.111178600000001,52.602875999999995,235.968837990287,4.485854309378198,,54.721073600000025,37
Fire Station,24.666375700000003,6.1874907,18.478885000000002,137.43733370096317,7.437533904289309,,23.851716700000004,20
Bank,222.4685172,4.4512941999999995,218.017223,936.9771395715758,4.297720733611839,,216.05804020000008,186
Pawn Shop,34.7841865,10.541446500000001,24.242739999999994,143.2218294151637,5.907823513974235,,33.9099265,24
Pizzeria,16.3955943,2.8196253000000002,13.575968999999999,136.34838592794836,10.04336308722776,,14.975447299999999,18
Quattroki Restaurant,124.92777120000001,6.5832282,118.344543,686.1962182966228,5.798292011627631,,121.4406371999999,127
High School,34.151830000000004,7.6110120000000006,26.540818,345.90600779759717,13.03298217099402,,31.269078000000015,44
