Target_Name,Total_Time,Orientation_Time,Navigation_Time,Distance,Speed,Mean_Dwell,Dwell,Teleportations
Automobile shop,14.2752567,3.6154607,10.659796,66.27065220354746,6.2168780906827354,,11.899500699999997,13
Police station ,21.3049223,3.8887423,17.41618,192.03381925321904,11.026173320051758,,17.249541000000008,25
Fire Station,11.485820400000001,4.3887214000000005,7.097099,145.64601233259938,20.521907941906882,,10.958252399999997,15
Bank,14.3745312,3.2359172,11.138614,129.27481861139037,11.606005793125641,,11.075645000000002,10
Pawn Shop,15.1243683,4.4791682999999995,10.645199999999999,124.04062388155225,11.652258659447662,,13.791548299999997,15
Pizzeria,91.5123668,5.492799799999999,86.019567,666.3483893167536,7.7464745819605625,,87.02496580000002,104
Quattroki Restaurant,14.916123899999999,3.7628679000000003,11.153255999999999,186.3201211710025,16.70544647867874,,13.936610899999998,19
High School,10.249568199999999,3.2641132,6.985455,198.52359436369358,28.419565277235854,,6.866922,18
