Target_Name,Total_Time,Orientation_Time,Navigation_Time,Distance,Speed,Mean_Dwell,Dwell,Teleportations
Automobile shop,11.3660567,2.2334567,9.132599999999998,64.51050930540389,7.063761612837954,,6.998576699999999,11
Police station ,17.3887184,3.4859793999999997,13.902738999999999,154.09130510539853,11.08352139138903,,16.4859374,16
Fire Station,7.2153395,1.7778935,5.4374460000000004,148.97448052671396,27.39787770337654,,5.340698,15
Bank,47.8531965,2.9444714999999997,44.908725000000004,397.01943264186815,8.840585713396854,,45.706119499999986,50
Pawn Shop,54.1934847,3.9586637,50.234821,327.20843650650966,6.513578231054305,,49.1475717,44
Pizzeria,20.673379599999997,6.8886636,13.784715999999998,130.24310201848056,9.448370355869542,,13.684495,15
Quattroki Restaurant,13.645117,4.2292440000000004,9.415873000000001,193.86719812847124,20.589402398319436,,12.242828,19
High School,8.3056201,1.7988461,6.506774000000001,210.03831300809514,32.27994594680791,,6.389808,18
