Target_Name,Total_Time,Orientation_Time,Navigation_Time,Distance,Speed,Mean_Dwell,Dwell,Teleportations
Automobile shop,33.210166699999995,14.849516700000002,18.360649999999996,78.50547844728104,4.275746144460085,,30.1611867,12
Police station ,72.31836799999999,6.7290220000000005,65.58934599999999,406.7657425435948,6.201704504624804,,68.77565900000003,51
Fire Station,14.930450700000002,6.4374207,8.49303,137.55900250022773,16.196693347395186,,8.409871000000003,13
Bank,194.3231973,5.853951299999999,188.469246,1199.955660506028,6.36685128196474,,192.44683129999987,176
Pawn Shop,159.9339223,3.0831753,156.850747,1061.436820368719,6.767177336864829,,157.69645029999992,167
Pizzeria,160.65020090000002,7.3333129,153.316888,1114.8482218370846,7.27152916016065,,158.75657489999998,176
Quattroki Restaurant,11.4719014,2.8330844,8.638817,189.12096314454743,21.891997844675657,,10.674930399999997,21
High School,12.7915274,2.9306234,9.860904,233.42013753225706,23.67127167369818,,9.696035000000004,25
