Target_Name,Total_Time,Orientation_Time,Navigation_Time,Distance,Speed,Mean_Dwell,Dwell,Teleportations
Automobile shop,5.4914477,1.6644057000000003,3.827042,62.7404943918823,16.393991597657486,,4.603117699999999,12
Police station ,34.5062427,1.8264617,32.679781,314.96146856542987,9.637808422444136,,32.31382700000001,54
Fire Station,8.770620400000002,3.2985944000000003,5.4720260000000005,140.11602662938034,25.605877353174186,,5.368316000000002,16
Bank,13.6457219,4.0275249,9.618197,152.6515955779936,15.871123826845466,,9.507381,17
Pawn Shop,10.2287709,2.0417408999999997,8.18703,123.76407570781966,15.117090777463824,,9.145208899999998,16
Pizzeria,97.2826702,7.8748012,89.407869,536.4106563070288,5.999591113250097,,96.3472281999999,89
Quattroki Restaurant,9.0899178,3.0415648,6.0483530000000005,190.31979463479107,31.466383432777658,,8.401820799999996,20
High School,11.5901848,1.8065608,9.783624,237.75655994979775,24.301481736194866,,9.616085,25
