Target_Name,Total_Time,Orientation_Time,Navigation_Time,Distance,Speed,Mean_Dwell,Dwell,Teleportations
Automobile shop,7.9071377,2.0534007000000005,5.853737,57.217783206178886,9.774573611041783,,6.2665866999999995,11
Police station ,10.5481172,3.4443091999999997,7.103808,104.1606573152291,14.662650977507994,,7.040686,10
Fire Station,7.2773608,1.6528798000000002,5.624481,135.92551229261917,24.166765305566713,,5.527413,15
Bank,80.151386,1.999883,78.151503,619.2393484567717,7.923575679111017,,77.32115599999996,94
Pawn Shop,15.1939013,2.6944033000000003,12.499497999999999,134.76740764581152,10.78182560978141,,14.297174299999995,17
Pizzeria,26.0969908,2.9377088000000002,23.159282,163.59103466583247,7.063735165271206,,24.673636799999993,24
Quattroki Restaurant,16.687251099999997,2.6945050999999998,13.992745999999999,191.18793036332139,13.663360312787884,,15.583030099999997,20
High School,24.3052468,4.7224958,19.582751000000002,240.51431199578403,12.281947107216142,,23.88983579999999,29
