Target_Name,Total_Time,Orientation_Time,Navigation_Time,Distance,Speed,Mean_Dwell,Teleportations
Automobile shop,26.195576699999997,7.341929700000001,18.853647,62.53309531042305,3.316763876528666,2.5687510777777773,10
Police station ,273.5433603,6.4721683,267.071192,905.4996702587631,3.3904805062567855,2.182767913709678,125
Fire Station,54.4709948,15.520654799999999,38.95034,283.33894597356317,7.274363868802254,1.5536877882352944,35
Bank,29.950855,12.388745,17.56211,133.93309404415442,7.62625299831025,2.9053656250000004,9
Pawn Shop,94.4000843,14.9645943,79.43549,419.0959425268714,5.27592820950524,1.6237831125000004,57
Pizzeria,83.74120210000001,11.8886221,71.85257999999999,441.95361266272243,6.150838462066671,1.3602622389830505,60
Quattroki Restaurant,50.06836799999999,19.520118000000004,30.548249999999996,228.2577432481232,7.472039912208498,1.96632672,26
High School,21.742190200000003,9.3884802,12.353710000000001,208.2271753657869,16.855436574582605,0.8166515999999997,16
