Target_Name,Total_Time,Orientation_Time,Navigation_Time,Distance,Speed,Mean_Dwell,Teleportations
Automobile shop,11.1802867,1.7084376999999997,9.471849,62.40025321949027,6.587969594900664,1.0780345222222225,10
Police station ,38.5127313,2.1736583,36.339073,340.7659628968049,9.37739834191161,0.8898368404761902,43
Fire Station,22.714862099999998,1.8673081,20.847554000000002,252.17427910581844,12.09610869005632,0.7377705366666667,31
Bank,38.06118959999999,1.8750605999999999,36.186128999999994,321.89217189256556,8.895457480200925,0.9934512457142859,36
Pawn Shop,34.1035902,1.4446992,32.658891,274.6991678910589,8.411160314386025,0.9673427411764701,35
Pizzeria,28.693805499999996,1.4998945,27.193910999999996,395.26431287083466,14.535030024582882,0.528844745283019,54
Quattroki Restaurant,19.096661599999997,1.9998396000000003,17.096822,235.6848925929533,13.785304227472995,0.7308524416666669,25
High School,23.2770807,2.2431387000000003,21.033942,350.7607050666553,16.67593763768367,0.5920838868421052,39
