Target_Name,Total_Time,Orientation_Time,Navigation_Time,Distance,Speed,Mean_Dwell,Dwell,Teleportations
Automobile shop,120.35986670000001,8.8266767,111.53319,500.14202902049436,4.48424391896703,,116.56498169999999,74
Police station ,48.0753251,14.7142151,33.36111,225.30706449000198,6.753584173008692,,44.7285251,27
Fire Station,54.01291280000001,8.701434800000001,45.31147800000001,254.80337815281803,5.6233737984185375,,45.10193200000001,31
Bank,79.3418514,2.4516214,76.89023,466.23548119050787,6.063650494874419,,76.70313140000002,61
Pawn Shop,24.3113726,1.8323515999999997,22.479021,138.84748718333464,6.176758640126482,,22.235957599999995,16
Pizzeria,65.01949970000001,1.4859177000000001,63.533582,343.18045028078114,5.401559922763069,,63.929143699999976,49
Quattroki Restaurant,86.5607599,2.4445219000000002,84.11623800000001,445.98715111596186,5.302033967757353,,83.2879589,60
High School,25.2498013,1.9722463,23.277555,259.310145158229,11.139921918699322,,23.04209630000001,28
