"outcome","Source","Sum Sq","Mean Sq","NumDF","DenDF","F value","Pr(>F)"
"Total_Time","m_totaltime_anova",47713.052141166,47713.052141166,1,1371.00002782761,10.1035713731483,0.00151288529483544
"Orientation_Time","m_orientationtime_anova",511.298149500112,511.298149500112,1,1369.9851061623,18.783778153917,1.57099033797998e-05
"Navigation_Time","m_navigationtime_anova",38485.0380450378,38485.0380450378,1,1370.99999072246,8.26880674381508,0.00409553173078733
"Distance","m_distance_anova",132060.525476315,132060.525476315,1,1370.99995718064,1.02866091191703,0.310652340907275
"Speed","m_speed_anova",1068.0696290205,1068.0696290205,1,1370.99994588193,56.6073007841167,9.58805883786987e-14
"Mean_Dwell","m_meandwell_anova",2.82109594027121,2.82109594027121,1,1370.99993394427,9.37203400600979,0.00224604446895731
"Teleportations","m_teleportations_anova",4761.50416666718,4761.50416666718,1,1371.00000224669,0.964636295586712,0.32619480887597
"Mean_Teleport_Distance","m_meanteleportdistance_anova",2.60318484391013,2.60318484391013,1,1371.0000247529,9.46755773178116,0.00213280501549905
