Target_Name,Total_Time,Orientation_Time,Navigation_Time,Distance,Speed,Mean_Dwell,Teleportations
Automobile shop,6.1733207,1.4792807,4.69404,59.76333584142687,12.73174831092766,0.5570371700000003,11
Police station ,8.0897393,2.9727642999999997,5.116975,110.1839549609631,21.533025852376277,0.60747383,11
Fire Station,6.6116223,1.3758413,5.235781,134.4936281443612,25.687405211249512,0.2839531111111111,19
Bank,17.763123299999997,2.1387503,15.624373,163.9732922147908,10.494711833543068,0.9089043705882349,18
Pawn Shop,35.8883037,3.3679367,32.520367,350.15074507423975,10.767121572589872,0.5737852573770492,62
Pizzeria,10.313519300000001,1.5416543,8.771865000000002,143.8295664107434,16.39669174237672,0.41809253809523805,22
Quattroki Restaurant,38.4295288,1.3884598,37.041069,468.7448997785118,12.654734661640349,0.4411914094117647,86
High School,17.6799625,2.5066875,15.173274999999999,365.65068476264724,24.098336368559014,0.32214922999999984,51
