Target_Name,Total_Time,Orientation_Time,Navigation_Time,Distance,Speed,Mean_Dwell,Teleportations
Automobile shop,19.992946699999997,5.1460187,14.846928,64.88059352502873,4.369967546486972,1.1568973133333336,16
Police station ,140.8722072,7.6110092,133.26119799999998,652.262245159706,4.894614898777258,1.0827848349206337,127
Fire Station,18.506622,4.368097,14.138525000000001,147.87885842062863,10.459284714680535,0.8767634375000002,17
Bank,28.6451193,5.6524073,22.992712,164.80837913240956,7.167852975865116,1.1427025499999999,21
Pawn Shop,19.0895629,2.5617248999999997,16.527838,104.9234864587414,6.348288654495609,1.090667593333333,16
Pizzeria,23.076183,3.2986839999999997,19.777499,125.56980402700746,6.349124529193882,0.8919584545454544,23
Quattroki Restaurant,36.214727100000005,3.5477791,32.666948,227.10083321698505,6.952006450586846,0.9386149216216214,38
High School,35.3116129,3.1252278999999996,32.186384999999994,319.10764075195544,9.914367231733403,0.8798778692307689,40
