Target_Name,Total_Time,Orientation_Time,Navigation_Time,Distance,Speed,Mean_Dwell,Dwell,Teleportations
Automobile shop,18.465456699999997,3.0077417,15.457714999999999,59.430346168802615,3.844704483735314,,10.2085087,13
Police station ,64.3658677,0.1804301,64.18543759999999,265.71789868290347,4.139847115148491,,59.71289809999999,47
Fire Station,21.319813800000002,9.750657799999999,11.569156000000001,146.71007338481456,12.681138830249548,,11.451079000000005,18
Bank,22.3745252,3.1876442,19.186881000000003,135.1713888872039,7.044990214261707,,19.069695999999997,18
Pawn Shop,207.3359959,3.8473029,203.48869299999998,899.8926350909038,4.422322546889148,,205.52088389999992,203
Pizzeria,23.2841795,2.6528565,20.631323000000002,131.86647387547967,6.391566545464857,,20.471808,24
Quattroki Restaurant,776.0916546,3.0484776000000005,773.043177,4434.785448319907,5.736788811111785,,768.8889295999999,787
High School,40.603361699999994,5.3753397,35.228021999999996,319.0253551509344,9.056011011658118,,37.02089570000002,37
