Target_Name,Total_Time,Orientation_Time,Navigation_Time,Distance,Speed,Mean_Dwell,Teleportations
Automobile shop,191.2653667,12.6289667,178.6364,769.1796338002249,4.305839312705724,1.3294603312056734,142
Police station ,48.6449454,4.5989924,44.045953000000004,264.9318997696607,6.014897663121528,1.1325519609756092,42
Fire Station,14.7417728,4.2708978,10.470875000000001,141.41204658232994,13.50527502069597,0.8936687999999999,17
Bank,17.8613861,1.9936911000000002,15.867695000000001,137.04692042213946,8.636851188665995,0.9855040083333336,13
Pawn Shop,81.26223429999999,2.8471793,78.415055,365.17706808864097,4.656976496269,1.1405802328571428,71
Pizzeria,90.4570621,2.0278931,88.429169,527.8607223594529,5.969305471585432,1.0167070806818186,89
Quattroki Restaurant,69.2280749,8.8123089,60.415766,374.81965612767306,6.204004036424418,1.0925722403225806,63
High School,343.5188023,10.7216023,332.79720000000003,1641.8001882982771,4.933335341458032,1.1506043615646255,295
