Target_Name,Total_Time,Orientation_Time,Navigation_Time,Distance,Speed,Mean_Dwell,Teleportations,Mean_Teleport_Distance
Automobile shop,12.3863867,4.3302547,8.056132,60.70805704286776,7.535633358895778,0.940187725,13,5.059004753572313
Police station ,68.8871849,1.9374689,66.949716,277.56410477520734,4.14585933083282,1.388046742553191,48,4.786820903327924
Fire Station,21.006607799999998,2.2779298,18.728678000000002,244.38917452774953,13.048928201325769,0.6201404484848486,34,5.961823907431929
Bank,39.3744179,0.25693560000000004,39.1174823,254.14253584571202,6.496904220385166,0.9848520058823529,35,5.112352967158043
Pawn Shop,78.9499267,4.5001637,74.44976300000002,389.3075438042828,5.22913073348914,1.1656778136363637,67,5.293481255580313
Pizzeria,47.0826849,7.7638229,39.318861999999996,446.09030030993847,11.345452986659138,0.6430354013888887,73,5.642681616917269
Quattroki Restaurant,229.72506009999998,6.3406441000000004,223.38441600000002,1143.638076533454,5.119596509961796,1.0597966733644861,215,5.0029844147245495
High School,34.0268669,6.7500238999999995,27.276842999999996,321.89549573576886,11.801053946593779,0.6426118095238097,43,5.4132008009572194
