"contrast","estimate","SE","df","t.ratio","p.value"
"Block_Num1 - Block_Num2",41.9143227662498,4.41245293786366,1368.99999999987,9.49909797486546,0
"Block_Num1 - Block_Num3",53.0154654385415,4.41245293786365,1368.99999999987,12.014964507295,0
"Block_Num2 - Block_Num3",11.1011426722916,4.41245293786366,1368.99999999987,2.51586653242955,0.0321194507655053
