"contrast","estimate","SE","df","t.ratio","p.value"
"YA - OA",-41.7511646134721,6.45462842991677,57.9999999999954,-6.4684071386601,2.27627081367315e-08
