"","Estimate","Std. Error","df","t value","Pr(>|t|)"
"(Intercept)",71.414361459999,10.3733278104735,30.8232816412435,6.88442154386516,1.05095639394765e-07
"Age_GroupOA",69.9507663072211,10.9712814859887,420.629455516749,6.37580636287152,4.79521338982307e-10
"Block_Num",-19.4578322958334,3.1366100077387,1371.00002980515,-6.20345922758222,7.29949854597511e-10
"Age_GroupOA:Block_Num",-14.0998008468745,4.43583641281925,1371.00002782761,-3.17861154801091,0.00151288529483544
