"Term","Estimate","Std_Error","df","t_value","p_value"
"(Intercept)",56.3769033833303,9.01458249016717,17.6249637584587,6.25396721865095,7.40549173715507e-06
"Age_GroupOA",57.2812770533331,8.22325256453341,150.326165117108,6.96576891002779,9.53313414304926e-11
"Block_Num2",-32.7189549533332,6.24015078805979,1368.99950674804,-5.24329556521923,1.8252936653117e-07
"Block_Num3",-38.9156645916665,6.24015078805979,1368.99950674546,-6.23633401073091,5.95630609054974e-10
"Age_GroupOA:Block_Num2",-18.3907356258333,8.82490587572731,1368.99950678578,-2.08395827500173,0.0373490243115018
"Age_GroupOA:Block_Num3",-28.1996016937499,8.82490587572731,1368.99950681717,-3.19545636983078,0.00142795610030262
