Target_Name,Total_Time,Orientation_Time,Navigation_Time,Distance,Speed,Mean_Dwell,Teleportations,Mean_Teleport_Distance
Automobile shop,10.447106699999999,1.8850547,8.562052,60.92862117439945,7.1161237019349395,0.7057529769230773,14,4.686817013415342
Police station ,34.2692533,1.9237303000000001,32.345523,274.2169044868592,8.477739082681063,0.6837377204081632,50,4.560289063302226
Fire Station,64.97192079999999,12.6120108,52.35990999999999,536.8994042750893,10.254016943021663,0.670527668085106,95,5.191803249619036
Bank,192.91356610000003,4.249115100000001,188.664451,1244.1103615389268,6.594301973395755,0.7706991825910929,248,4.713001475483454
Pawn Shop,16.9567939,1.8532518999999998,15.103542000000001,104.79730388075262,6.938591217924419,0.7955537315789473,20,3.359598396635749
Pizzeria,28.8122054,6.5636734,22.248532,228.3712477119092,10.264553531527797,0.6694985095238094,43,4.473627665612152
Quattroki Restaurant,114.0686353,0.30628310000000003,113.7623522,976.0551395537844,8.579772839417297,0.6106465201086952,185,4.915340232761855
High School,35.770149700000005,5.1873787,30.582771,385.388741060275,12.601498440421732,0.6348883945454545,56,5.258990487620443
