Target_Name,Total_Time,Orientation_Time,Navigation_Time,Distance,Speed,Mean_Dwell,Dwell,Teleportations
Automobile shop,12.1507167,2.4633907,9.687326,67.12407470301083,6.929061198416449,,9.750696699999997,12
Police station ,14.277536600000001,1.7985426000000002,12.478994,179.81981648646564,14.409800700798929,,13.5073816,26
Fire Station,8.5763089,1.4170009,7.159308000000001,139.46105694070752,19.479683922064464,,7.048768000000002,17
Bank,8.583202700000001,1.6736437,6.909559000000001,129.60575885495237,18.757457437580655,,6.840339,11
Pawn Shop,10.8191509,3.1178689,7.701281999999999,99.91363218147912,12.973636360995368,,9.416363899999999,12
Pizzeria,12.1183205,2.7153595,9.402961,123.21627884118774,13.103987014429578,,9.299043999999999,16
Quattroki Restaurant,8.7359056,1.4166836,7.319222000000001,189.6809326007662,25.915450112152108,,7.987311600000002,23
High School,8.1178684,1.3612394,6.756629,208.71443690034576,30.890320735435637,,6.624575,20
