Target_Name,Total_Time,Orientation_Time,Navigation_Time,Distance,Speed,Mean_Dwell,Dwell,Teleportations
Automobile shop,7.3060147,1.7785937000000003,5.5274209999999995,62.917391193804825,11.382775293180098,,6.527602699999998,11
Police station ,16.6384349,1.3887759,15.249659,127.98088436277929,8.392376797591297,,15.166498,13
Fire Station,7.5343368,1.5546058,5.979731,127.43175429234248,21.31061652979749,,5.895923999999999,13
Bank,6.465058,1.652125,4.812933,134.66871373213604,27.980591820442136,,4.75746,9
Pawn Shop,14.6868226,6.2497066000000006,8.437116,95.55924368800615,11.3260554540208,,12.735558599999997,9
Pizzeria,9.902995099999998,2.0973351,7.80566,130.18134708843544,16.677814187196912,,7.715177000000001,14
Quattroki Restaurant,38.1651492,6.2014792000000005,31.96367,316.3307149159071,9.89657054136484,,36.8263582,38
High School,11.181087400000001,1.6607484000000001,9.520339,207.07452150981544,21.750750840890795,,9.402226,18
