Target_Name,Total_Time,Orientation_Time,Navigation_Time,Distance,Speed,Mean_Dwell,Dwell,Teleportations
Automobile shop,8.0218707,3.4945397,4.527330999999999,61.15451919731405,13.507852462590886,,7.390022699999998,12
Police station ,8.978730500000001,2.3402675,6.638463,126.73837862981814,19.091524443205927,,6.5478190000000005,14
Fire Station,6.242987100000001,1.9792921,4.263695,139.5678573678731,32.73401530078326,,4.165979999999999,15
Bank,52.9845264,1.7640183999999999,51.220508,429.55257895506566,8.386339685562385,,50.88171639999996,72
Pawn Shop,14.730068200000002,7.0770662,7.653002000000001,136.92468888978672,17.891631138968304,,14.279637199999998,19
Pizzeria,12.4995425,4.423669500000001,8.075873000000001,126.88767366363584,15.711945156100871,,11.659701500000004,17
Quattroki Restaurant,8.7704177,1.6527057,7.117712,192.99610887328092,27.114908396586,,7.9437736999999995,20
High School,9.1733736,1.9793006000000002,7.1940729999999995,207.2855324563791,28.813376296901506,,7.053905,21
