Target_Name,Total_Time,Orientation_Time,Navigation_Time,Distance,Speed,Mean_Dwell,Teleportations,Mean_Teleport_Distance
Automobile shop,6.5932707,1.8984087000000003,4.694862,60.08227892119569,12.797453667689421,0.5954106699999999,11,6.008227892119569
Police station ,8.097126399999999,1.5766024,6.520523999999999,122.62566332887927,18.80610566403548,0.5763670307692306,14,5.445890451720685
Fire Station,6.6458219,2.1382699,4.507552,138.50371042149726,30.727035522052162,0.3397803076923075,14,6.84321147605469
Bank,15.4511084,7.4028474,8.048261,127.22218016964707,15.807412330396227,0.7247852727272727,12,4.332090483607574
Pawn Shop,7.4095449,3.6178969000000003,3.7916479999999995,87.55794915283329,23.092320055245978,0.8116561125000002,9,5.981183228498211
Pizzeria,11.5136516,5.0349466,6.478705000000001,123.46310121833058,19.056756129246597,0.49143,14,6.339738576423937
Quattroki Restaurant,7.526794799999999,1.5349178,5.991877,191.32916408897142,31.93142384080505,0.39783892941176474,18,7.238383644535096
High School,9.8272918,1.8205388,8.006753,204.43210535752857,25.532460581402795,0.43784988888888865,19,6.221421031976137
