"","Age_pairwise","Block_num_pairwise","estimate","SE","df","t.ratio","p.value","Source"
"m_ct_b_slopes_tag3.1","OA - YA","1 - 2",24.7414835985168,9.30618341723345,1080.04565058846,2.65860691641858,0.00796243479431928,"m_ct_b_slopes_tag3"
"m_ct_b_slopes_tag3.2","OA - YA","1 - 3",30.3009531608485,9.30618341723345,1080.04565058838,3.25600214420192,0.00116504237310053,"m_ct_b_slopes_tag3"
"m_ct_b_slopes_tag3.3","OA - YA","2 - 3",5.55946956233168,9.29832161729205,1080.00015264255,0.597900329882412,0.550031789862164,"m_ct_b_slopes_tag3"
