Target_Name,Total_Time,Orientation_Time,Navigation_Time,Distance,Speed,Mean_Dwell,Teleportations,Mean_Teleport_Distance
Automobile shop,12.3466367,3.4436736999999997,8.902963,68.7423748212641,7.721291756605536,1.1256739699999998,11,6.874237482126409
Police station ,16.5479399,3.5207249,13.027215,117.49833036948297,9.019451231094518,1.1771421818181815,12,5.9833054736814715
Fire Station,13.1398791,2.6389581,10.500921,140.6768720187327,13.396622259964882,0.8933042214285714,15,6.562618633070549
Bank,87.59488999999999,4.055244,83.539646,485.82229435710985,5.815469871120951,1.1704593013698623,74,5.547265429226119
Pawn Shop,105.6237089,5.5484808999999995,100.075228,608.935347795118,6.084776022644865,1.1762425556818183,89,6.39342314399009
Pizzeria,12.756793900000002,3.6876749,9.069119,126.5327137811069,13.952040300839244,0.6408391428571427,15,6.139970095119507
Quattroki Restaurant,17.7427331,1.9643121,15.778420999999998,188.3764258180679,11.938864213223106,0.9047755611111113,19,6.6103325019010315
High School,20.2209564,2.9375674,17.283389,237.87880016101016,13.763434946757847,0.7787771363636362,23,6.650743494640796
