Target_Name,Total_Time,Orientation_Time,Navigation_Time,Distance,Speed,Mean_Dwell,Dwell,Teleportations
Automobile shop,12.9617167,4.2122706999999995,8.749446,61.45359582958703,7.023712796168698,,11.392361699999999,10
Police station ,21.270448799999997,2.0073727999999997,19.263075999999998,202.76408576708246,10.526049202478488,,19.95800479999999,22
Fire Station,9.402833099999999,2.2293841,7.173449,135.6474515315547,18.90965580595258,,7.0830639999999985,14
Bank,27.8465499,2.0070919,25.839458,190.8452803465102,7.385808183225445,,25.728283000000005,17
Pawn Shop,14.638597099999998,4.0763461,10.562250999999998,105.55645765155766,9.993746375801681,,13.3558221,10
Pizzeria,18.5341971,2.1112160999999996,16.422981,158.6539240114208,9.660482710868434,,16.304255999999995,18
Quattroki Restaurant,25.596706400000002,4.1040814,21.492625,187.30049944219536,8.714640461190541,,24.104608400000004,18
High School,13.6737945,2.0418345,11.631960000000001,205.63227113958047,17.678213399941235,,11.520952,17
