Target_Name,Total_Time,Orientation_Time,Navigation_Time,Distance,Speed,Mean_Dwell,Dwell,Teleportations
Automobile shop,156.2020667,5.1070237,151.095043,817.9635226879269,5.413569541708439,,152.98809469999998,139
Police station ,29.222014199999997,3.9933442,25.22867,185.2680275985791,7.343551110644322,,24.742513199999998,22
Fire Station,46.304719399999996,0.29851360000000005,46.0062058,399.01339637617133,8.673034201315756,,45.3233821,50
Bank,32.3258273,3.0762743,29.249553,225.65023150249738,7.714655724909621,,29.083081,25
Pawn Shop,73.1860576,1.7914476000000001,71.39461,561.9118235454022,7.8705076411987145,,71.0803536,85
Pizzeria,39.3047106,2.4304716,36.874239,238.17103064565526,6.459008703763494,,37.91061159999998,34
Quattroki Restaurant,16.0137153,2.8057653,13.20795,191.0219653799853,14.462650553642714,,15.409181300000006,22
High School,13.534388400000001,5.9237154,7.610672999999999,204.49199557193415,26.86910810278331,,7.485905999999996,19
