Target_Name,Total_Time,Orientation_Time,Navigation_Time,Distance,Speed,Mean_Dwell,Teleportations,Mean_Teleport_Distance
Automobile shop,5.9278067,1.2547677000000002,4.673038999999999,58.78892233545845,12.58044761352483,0.4234655583333334,13,4.899076861288205
Police station ,7.652925700000001,1.5148937,6.138032,121.93647750850812,19.865728544345828,0.5045327500000001,13,6.045077477363247
Fire Station,5.6946089,1.4033979,4.2912110000000006,141.1412311992232,32.89076934208623,0.36111139333333325,16,6.262856906486614
Bank,5.9096457,1.2357316999999999,4.673913999999999,140.6715000655438,30.09715199414106,0.47292677000000005,11,6.030426585722665
Pawn Shop,7.943866999999999,1.353986,6.589881,124.40313304948022,18.877902810305713,0.43098771428571425,15,6.032088742015927
Pizzeria,7.3612367,2.3474947,5.013742,118.86361961853711,23.707566049177863,0.5036807461538462,14,6.163308046352311
Quattroki Restaurant,9.9159995,0.9513197,8.964679799999999,184.28816351357696,20.557138417099626,0.3799048999999998,25,4.901347798801309
High School,10.5963527,1.8266857,8.769666999999998,219.32239824654246,25.009204824600808,0.410764238095238,22,6.1489932699201795
