"","Sum Sq","Mean Sq","NumDF","DenDF","F value","Pr(>F)","Source"
"m_all_ct_anova_tag1.Block_num",591328.122621318,295664.061310659,2,1080.05349605537,70.5243438593576,1.6328040527258e-29,"m_all_ct_anova_tag1"
"m_all_ct_anova_tag1.Target_Name",379395.262549367,54199.3232213382,7,1080.05330267922,12.9280903835989,4.85904687159013e-16,"m_all_ct_anova_tag1"
"m_all_ct_anova_tag1.Age",154943.659631056,154943.659631056,1,47.0286321920671,36.9584990553395,2.03687566168062e-07,"m_all_ct_anova_tag1"
"m_all_ct_anova_tag1.Block_num:Target_Name",150712.915824777,10765.2082731984,14,1080.05303566364,2.56781039471324,0.00121402141895166,"m_all_ct_anova_tag1"
"m_all_ct_anova_tag1.Block_num:Age",50357.9773404518,25178.9886702259,2,1080.05349551835,6.00590970420341,0.00254720677746982,"m_all_ct_anova_tag1"
"m_all_ct_anova_tag1.Target_Name:Age",135645.951047081,19377.9930067258,7,1080.05330251745,4.62220614860129,4.14242162289623e-05,"m_all_ct_anova_tag1"
"m_all_ct_anova_tag1.Block_num:Target_Name:Age",34188.8484958351,2442.06060684536,14,1080.0530358476,0.582501374022575,0.880313228870908,"m_all_ct_anova_tag1"
