Target_Name,Total_Time,Orientation_Time,Navigation_Time,Distance,Speed,Mean_Dwell,Dwell,Teleportations
Automobile shop,50.004626699999996,7.4638387,42.540788,122.39290911419761,2.8770719788781913,,48.30146870000001,19
Police station ,23.6867022,4.083272200000001,19.603429999999996,143.5340447129674,7.321884216842023,,22.499155200000004,14
Fire Station,46.138017700000006,5.631676700000001,40.506341,320.41343161935714,7.910204271952313,,45.12733769999999,44
Bank,12.4024526,3.8609666,8.541485999999999,129.70970109845217,15.18584718144503,,8.492566999999998,8
Pawn Shop,16.7703428,2.7430008,14.027342,131.94039497043116,9.4059441175977,,14.6444118,17
Pizzeria,28.124930999999997,2.1530329999999998,25.971897999999996,231.79837761053284,8.924968733918979,,25.938122999999997,37
Quattroki Restaurant,103.2196836,5.4088646,97.81081900000001,812.0179370337568,8.301923502284104,,101.80468559999998,131
High School,15.3469546,2.5971616,12.749793,234.07042614384673,18.358762855510417,,12.583601999999999,25
