Target_Name,Total_Time,Orientation_Time,Navigation_Time,Distance,Speed,Mean_Dwell,Dwell,Teleportations
Automobile shop,7.1188057,4.1122657,3.00654,55.15756747695985,18.345861846827198,,6.230066700000001,10
Police station ,8.3538401,1.7292541000000001,6.624585999999999,114.53378740391506,17.28919926526957,,6.5484670000000005,12
Fire Station,15.8746989,5.485960899999999,10.388738000000002,136.58980927766112,13.147873137012512,,10.264748000000004,19
Bank,13.207916399999998,5.6870544,7.520861999999999,150.05570540307198,19.951929101088677,,7.435302999999997,13
Pawn Shop,8.596728200000001,1.9998182000000002,6.596910000000001,129.61397722635817,19.64768008451808,,7.2505042,18
Pizzeria,10.6175936,2.5276575999999995,8.089936000000002,118.85978596242599,14.692302381925638,,7.9925690000000005,15
Quattroki Restaurant,10.4160215,1.7638445,8.652177,185.7787018425526,21.471902602380027,,9.486282499999996,23
High School,9.242876299999999,2.8125743,6.430301999999999,202.1731326535301,31.440690134542688,,6.29354,21
