Target_Name,Total_Time,Orientation_Time,Navigation_Time,Distance,Speed,Mean_Dwell,Dwell,Teleportations
Automobile shop,39.9517867,9.6118467,30.339940000000002,82.06082242881529,2.704712745932104,,34.9520067,13
Police station ,65.3598083,8.423508300000002,56.936299999999996,235.23438283446077,4.131536169973476,,56.761962,26
Fire Station,53.3670861,4.7569661000000005,48.61012,306.0831690608532,6.2966964298967625,,51.320096099999994,38
Bank,47.644576099999995,10.735716100000001,36.908860000000004,303.1751510723911,8.214156467373716,,45.57540609999999,33
Pawn Shop,27.985101300000004,7.2424883,20.742613000000002,145.9893622639143,7.038137493280827,,22.470895300000002,15
Pizzeria,55.929125,5.2848679999999995,50.644257,329.6788474360576,6.509698571272505,,50.73448399999999,42
Quattroki Restaurant,14.812560699999999,2.4518527000000003,12.360708,189.16282617065383,15.303559162683385,,13.659224699999998,18
High School,125.83039810000001,5.2568291,120.57356899999999,673.1867751678728,5.58320352255537,,123.87826310000001,85
