Target_Name,Total_Time,Orientation_Time,Navigation_Time,Distance,Speed,Mean_Dwell,Teleportations,Mean_Teleport_Distance
Automobile shop,13.2585167,3.5223427,9.736173999999998,63.37744416153012,6.509481461766207,1.2101278555555557,10,7.041938240170014
Police station ,39.54092249999999,2.0965295,37.444393,256.182591731622,6.841680988970017,1.2561902419354838,32,6.598771972783777
Fire Station,36.3675954,7.242894400000001,29.124700999999998,159.7461208099178,5.48490165821506,1.9853198000000003,19,6.339468992149406
Bank,35.915958700000004,3.2359997000000003,32.679959000000004,316.4408966869119,9.683026122735095,0.901365686111111,37,6.566562907878025
Pawn Shop,39.298006300000004,2.2849063,37.0131,231.59075425327703,6.256994260228866,1.2432764766666675,31,6.142875975693226
Pizzeria,17.325929199999997,4.6526222,12.673307,134.7619432856454,10.633526299461176,0.9679083076923081,14,6.830418713503932
Quattroki Restaurant,15.680280499999999,1.6735405,14.006739999999999,189.34630111171617,13.518227732628448,0.7772816764705883,18,7.015770267833598
High School,90.94259249999999,3.9167875000000003,87.025805,611.5319850185879,7.02701899762476,1.1886981533333332,76,6.946723704651429
