Target_Name,Total_Time,Orientation_Time,Navigation_Time,Distance,Speed,Mean_Dwell,Dwell,Teleportations
Automobile shop,9.4279157,2.8926737,6.535242,62.807808591038565,9.610632412853045,,7.2579017,10
Police station ,34.2144343,5.2014613,29.012973,229.63518063448433,7.914913808884196,,32.7994873,27
Fire Station,18.076050600000002,4.2709716,13.805079,141.89355084392977,10.278358482695374,,17.214957599999998,14
Bank,13.5622371,2.5208591,11.041378,128.15532265508872,11.606823229409294,,10.985936999999996,9
Pawn Shop,49.0202254,7.3948714,41.625354,286.6795045468804,6.887136732744192,,46.896873400000004,37
Pizzeria,29.0688483,1.8264003000000002,27.242448,156.89846912529686,5.759338115476878,,28.347511299999994,18
Quattroki Restaurant,12.8397763,2.8469223,9.992854000000001,194.33722416529096,19.447619685556393,,12.0424453,18
High School,17.978767599999998,2.7361066,15.242661,210.21090161065032,13.79095825923376,,14.973115000000004,18
