Target_Name,Total_Time,Orientation_Time,Navigation_Time,Distance,Speed,Mean_Dwell,Dwell,Teleportations
Automobile shop,14.579336700000002,4.3847507,10.194586000000001,82.69948467644183,8.112098389914198,,13.8293507,16
Police station ,6.6727101,3.1112290999999996,3.5614809999999997,107.16012477695148,30.088641432300633,,3.4952639999999984,11
Fire Station,7.896625800000001,2.8692278000000004,5.027398000000001,136.73573956934814,27.19811313314524,,4.923543000000001,16
Bank,7.5142119,1.5627829,5.951429,128.9385068488814,21.66513401216437,,5.888561000000001,10
Pawn Shop,37.429556899999994,1.7428048999999999,35.686752,358.20545427504885,10.037491063211604,,34.3650719,59
Pizzeria,14.8678472,2.3053562000000003,12.562491,203.73464560341006,16.2176948507593,,12.346866000000002,32
Quattroki Restaurant,34.6238791,1.5485201,33.075359,534.3070223477262,16.154231987254505,,32.27511209999998,88
High School,30.923165400000002,2.5978574,28.325308,440.680642904296,15.557841168198278,,29.3791044,65
