Target_Name,Total_Time,Orientation_Time,Navigation_Time,Distance,Speed,Mean_Dwell,Teleportations
Automobile shop,36.0110667,28.719846699999998,7.291220000000003,59.34993068020806,8.1399176928152,2.919001391666667,13
Police station ,15.534287200000001,5.2637802,10.270507,103.89865267766791,10.116214581974182,0.8489602500000001,13
Fire Station,18.833005999999997,6.854151,11.978855,139.95433915965754,11.683448807056896,0.5919813500000002,21
Bank,203.62887410000002,5.8543301,197.774544,944.2611015590571,4.774431948931998,0.7541144985018728,268
Pawn Shop,160.1220267,7.4236237,152.69840299999998,653.084080962313,4.276954232208395,0.7506357652380953,211
Pizzeria,20.7497073,3.7501523000000003,16.999555,132.12801087178823,7.772439388665658,0.646906,27
Quattroki Restaurant,19.2563655,3.7501474999999997,15.506218000000002,198.39978447649855,12.794853295400499,0.49421001351351335,38
High School,26.318238400000002,2.1936374,24.124601000000002,273.29624843099185,11.328529264836,0.46581132800000014,51
