Target_Name,Total_Time,Orientation_Time,Navigation_Time,Distance,Speed,Mean_Dwell,Dwell,Teleportations
Automobile shop,23.963986700000003,12.3802267,11.583760000000002,63.901681933454135,5.5164887681939305,,22.6703167,12
Police station ,36.401862900000005,2.0832019,34.318661000000006,214.62177024588618,6.25379207673301,,35.777554900000005,32
Fire Station,9.847320100000001,3.6181061,6.229214,146.75282770440333,23.558803358562304,,6.118796999999997,17
Bank,254.0276005,4.2962155,249.731385,1963.395762565792,7.862030487540811,,251.68597450000001,309
Pawn Shop,156.7391836,2.8884666000000006,153.850717,809.9164421732145,5.264300732334022,,155.53994459999987,141
Pizzeria,20.4303283,6.833255299999999,13.597073000000002,168.2693420321394,12.375409180500787,,13.458508000000004,21
Quattroki Restaurant,24.5966491,7.103837100000001,17.492812,264.47951941317785,15.119325550013219,,23.505937099999997,30
High School,16.6457195,2.1599345,14.485785,320.7616279775038,22.143199555806177,,13.041266499999995,37
