Target_Name,Total_Time,Orientation_Time,Navigation_Time,Distance,Speed,Mean_Dwell,Teleportations
Automobile shop,9.4305077,3.9933636999999997,5.437144,60.82771802933764,11.187439219806876,0.7169951416666667,13
Police station ,9.818866700000001,1.5833957,8.235471000000002,142.76383224780847,17.33523586541783,0.5078060625000002,17
Fire Station,5.8815899,2.1804799,3.70111,140.35321019010277,37.92192347433683,0.2397789333333334,16
Bank,10.7494859,3.5759388999999997,7.173546999999999,156.29383525856286,21.787525091640564,0.5052902857142859,15
Pawn Shop,77.44967060000002,2.9372776,74.51239300000002,840.4912758089281,11.279885693765436,0.5653637955223882,135
Pizzeria,14.1387516,6.3473476,7.791404000000001,138.52294202354207,17.778944850445704,0.8172983500000002,17
Quattroki Restaurant,9.8537611,1.9235771,7.930184,186.61031945996842,23.53165064769852,0.4312632049999999,21
High School,8.9648746,1.8680786,7.096796,218.2683258212666,30.755896861240846,0.33100128571428566,22
