Target_Name,Total_Time,Orientation_Time,Navigation_Time,Distance,Speed,Mean_Dwell,Dwell,Teleportations
Automobile shop,31.382356700000003,7.0627287,24.319628,81.21625660286652,3.339535317023209,,29.1603927,17
Police station ,152.85899289999998,6.6807629,146.17822999999999,721.1126612541075,4.933105711117911,,148.57710489999988,140
Fire Station,23.6732041,8.826117100000001,14.847086999999998,145.08361008143694,9.771856936073519,,23.291238099999994,22
Bank,396.4789687,10.1041387,386.37483,1985.6117859279057,5.139081616491183,,392.49233870000023,529
Pawn Shop,125.37321589999999,20.104055900000002,105.26916,592.4975399792744,5.628405698110201,,122.58668589999999,143
Pizzeria,42.763261,21.437381,21.32588,234.67297939437185,11.004140480691621,,41.22120100000004,45
Quattroki Restaurant,487.5562276,14.388587600000001,473.16764,3246.658980232144,6.861540616412704,,481.2843575999998,729
High School,55.7696942,14.8817742,40.88792,477.104011569921,11.668581125425822,,52.566924199999995,77
