Target_Name,Total_Time,Orientation_Time,Navigation_Time,Distance,Speed,Mean_Dwell,Dwell,Teleportations
Automobile shop,14.1706367,6.0216567,8.148979999999998,64.84296930278163,7.9571884214689,,12.563979700000004,16
Police station ,55.6448558,9.6588398,45.986016,261.36827858542654,5.683646928349404,,54.57021680000001,59
Fire Station,20.0203587,12.5344387,7.485919999999998,144.25713100571647,19.270461213279933,,7.358269999999996,19
Bank,19.5899188,3.7776888,15.81223,142.38999816505734,9.00505483192803,,18.6201688,19
Pawn Shop,46.512889,11.201109,35.311780000000006,263.74484897220424,7.469032967814259,,44.45209899999998,54
Pizzeria,41.4298559,8.1041909,33.325664999999994,369.9340401621941,11.100574892119758,,39.50966590000001,72
Quattroki Restaurant,753.2472974,9.875235400000001,743.372062,4695.620005537029,6.316648480040711,,744.7179224000007,1127
High School,95.07502870000002,30.7220787,64.35295,597.7535292447407,9.288673312485917,,93.96846870000002,106
