Target_Name,Total_Time,Orientation_Time,Navigation_Time,Distance,Speed,Mean_Dwell,Teleportations
Automobile shop,7.8346257,2.3826897,5.451936000000001,56.21238306950937,10.310536123224734,0.5225328999999997,14
Police station ,87.8737772,3.5278431999999995,84.345934,810.6717624903919,9.611272577648993,0.4942209382857149,176
Fire Station,13.4305555,7.8959375,5.534618000000001,151.59668409052975,27.390631854001438,0.7732626764705882,18
Bank,34.499558199999996,2.8540322000000002,31.645526,257.0551178267421,8.122952920003355,0.7923483857142858,43
Pawn Shop,46.6656455,3.3330775000000004,43.332568,265.94130792409044,6.137215498608124,0.8801221300000005,51
Pizzeria,32.1522221,10.4929621,21.65926,159.52164701033817,7.365055270140262,1.0116673137931036,30
Quattroki Restaurant,239.4694772,6.0069962,233.46248100000003,1752.666829058157,7.5072740662691615,0.5737538233009708,413
High School,39.3743302,9.4864252,29.887905,353.79672938243624,11.837454963217938,0.7011831518518521,55
