Target_Name,Total_Time,Orientation_Time,Navigation_Time,Distance,Speed,Mean_Dwell,Dwell,Teleportations
Automobile shop,20.8399067,6.6668747,14.173032,62.321852344789605,4.397213831506879,,19.2825937,10
Police station ,110.4560219,4.4861209,105.969901,797.003617699334,7.521037673700705,,105.88737990000003,121
Fire Station,16.2772809,4.3194059,11.957875,139.0622135774626,11.629341632812066,,11.854128000000001,16
Bank,32.8466781,3.3193200999999997,29.527358,289.27384438550973,9.79680757030513,,27.950059099999997,34
Pawn Shop,73.4429888,3.0000227999999995,70.442966,459.19550197598033,6.518684945434869,,70.5085068,70
Pizzeria,75.21410470000001,5.9723237000000005,69.241781,320.90512846065326,4.634559132161162,,72.53292169999999,52
Quattroki Restaurant,312.01320730000003,5.708125300000001,306.305082,1692.1351617532819,5.524345697121936,,309.0423643000004,292
High School,54.7548189,4.1248819,50.629937,576.150227118072,11.379635473733101,,53.97134790000002,83
