Target_Name,Total_Time,Orientation_Time,Navigation_Time,Distance,Speed,Mean_Dwell,Dwell,Teleportations
Automobile shop,7.0368027,2.6967837,4.340019000000001,61.466091720778095,14.162631942574004,,6.280434700000001,12
Police station ,9.3195053,1.4792223000000002,7.8402829999999994,128.18137364690435,16.349074854428643,,7.749809000000004,14
Fire Station,19.638581,1.429921,18.20866,276.7549875653257,15.19908590557052,,17.305184999999987,39
Bank,9.8330679,2.3123509,7.520716999999999,141.4659672179653,18.81017025610262,,9.387670899999998,13
Pawn Shop,9.0622082,3.7842982,5.27791,88.69567647372256,16.80507558365386,,8.2005172,10
Pizzeria,11.375029900000001,2.4653229,8.909707,125.82569508187196,14.122315703745585,,8.805879000000001,16
Quattroki Restaurant,11.0483221,1.3331381,9.715184,191.8103139052302,19.74335369306749,,9.929697100000002,23
High School,9.4582415,1.9793965,7.478845000000001,215.8023117039894,28.855031987424447,,7.3334150000000005,22
