Target_Name,Total_Time,Orientation_Time,Navigation_Time,Distance,Speed,Mean_Dwell,Dwell,Teleportations
Automobile shop,10.519696699999999,2.9367807,7.582915999999999,66.79115859367965,8.808110045486414,,9.396109699999998,12
Police station ,65.41593070000002,2.7925467,62.62338400000001,434.6128856059847,6.940105402256521,,63.7445537,59
Fire Station,11.4094401,2.5973471000000004,8.812092999999999,140.57094480967692,15.952049621999782,,8.714636999999996,15
Bank,10.7217403,2.2569773,8.464763,132.76977332957182,15.684995944903813,,10.1183183,9
Pawn Shop,34.70723509999999,5.569111100000001,29.138123999999998,205.43488598616622,7.050381348715732,,30.15258809999999,27
Pizzeria,72.44986499999999,4.340455,68.10941,505.00885499874227,7.414670821531742,,68.331958,74
Quattroki Restaurant,13.9437915,4.0553275,9.888464,193.09908737095773,19.527713037227795,,12.937543500000002,20
High School,12.284399200000001,1.9864072000000002,10.297992,212.27899152908253,20.61362948515424,,11.730209200000003,20
