Target_Name,Total_Time,Orientation_Time,Navigation_Time,Distance,Speed,Mean_Dwell,Dwell,Teleportations
Automobile shop,8.3094097,3.2750236999999998,5.034386,60.682033427999066,12.053512271009627,,7.3438207,10
Police station ,10.944197200000001,1.6392102,9.304987,128.00105606824192,13.756177850462544,,9.228615000000001,12
Fire Station,11.861010199999999,2.7153802,9.14563,144.28041587594444,15.775885956018824,,9.048986000000001,15
Bank,37.0826518,3.5139197999999996,33.568732000000004,295.60349875613923,8.805917922551831,,36.07595679999999,32
Pawn Shop,11.8328063,2.6735063,9.159299999999998,133.3564591201075,14.559678045277208,,10.958342299999998,14
Pizzeria,15.9583268,4.1737068,11.78462,130.8115210772233,11.100189999951063,,11.693960000000002,14
Quattroki Restaurant,12.4508423,1.5069043,10.943938,195.4377635397247,17.858083949280847,,11.308707300000004,18
High School,11.7984728,1.6382058,10.160267,204.02116572017462,20.080295696970822,,10.637422800000003,17
