Target_Name,Total_Time,Orientation_Time,Navigation_Time,Distance,Speed,Mean_Dwell,Teleportations
Automobile shop,67.3350667,8.7592457,58.57582099999999,129.06060980438676,2.203308593905782,3.4488789315789474,20
Police station ,191.3717225,8.1735885,183.19813399999998,552.5255914309979,3.0160001052794456,2.3382703441558452,78
Fire Station,43.3532661,20.9858361,22.367429999999995,140.99425853053515,6.303552018740427,2.9920825785714285,15
Bank,127.466835,27.746555,99.72028,403.28708369038253,4.044183226224219,2.1279797457627123,60
Pawn Shop,107.40063599999999,8.804609,98.596027,382.3082542637741,3.87752190322815,1.7074824516129032,63
Pizzeria,32.2146589,4.4795979,27.735061,139.67269990078222,5.035961518194686,1.841969333333334,16
Quattroki Restaurant,96.004359,0.4451469,95.5592121,484.5688922983415,5.070875760164848,1.2872064055555557,73
High School,58.3601181,5.9869871,52.373131,320.0696565276297,6.111333243140069,1.3749431975609758,42
