Target_Name,Total_Time,Orientation_Time,Navigation_Time,Distance,Speed,Mean_Dwell,Dwell,Teleportations
Automobile shop,99.40810669999999,16.7087967,82.69931,491.34659276085455,5.941362663858436,,97.36034670000005,81
Police station ,64.02649829999999,4.548635300000001,59.477863,317.0319424893807,5.3302510631456395,,62.96155329999999,45
Fire Station,10.721945300000002,4.1181753,6.603770000000001,132.672588936503,20.090431516618988,,6.504492999999998,15
Bank,25.909213800000003,1.7918398,24.117374,303.3083467643373,12.576342132619299,,24.662892799999987,39
Pawn Shop,49.0966971,4.0829701,45.013726999999996,261.715836496639,5.814133908455059,,47.24867010000001,37
Pizzeria,40.040842,1.92352,38.117321999999994,382.0460177131762,10.022897666136572,,39.32862899999999,63
Quattroki Restaurant,38.408827200000005,2.2775442,36.131283,349.67547025029677,9.677914571987293,,36.9214812,47
High School,56.686364299999994,4.0973793,52.588985,608.7533927106836,11.57568248770505,,55.565651300000034,84
