Target_Name,Total_Time,Orientation_Time,Navigation_Time,Distance,Speed,Mean_Dwell,Dwell,Teleportations
Automobile shop,29.229986699999998,8.5637907,20.666196,59.394038265217674,2.873970529710338,,26.930907700000006,10
Police station ,78.0126157,8.312681699999999,69.699934,203.17228924638016,2.9149566948855385,,75.2533027,23
Fire Station,130.5956248,18.048434800000003,112.54718999999999,384.69365577101934,3.418065397910151,,122.46988480000003,54
Bank,417.648094,8.256891,409.391203,1298.4482519092455,3.171656455718335,,414.2873709999999,185
Pawn Shop,760.3522725,430.04687250000006,330.30539999999996,919.1089535538362,2.7826034740995342,,755.4385725000005,131
Pizzeria,127.27593689999999,0.21602069999999998,127.0599162,340.94450203819395,2.683336430834148,,116.17304710000003,55
Quattroki Restaurant,376.3872074,51.9235474,324.46366,1002.3908113939839,3.0893777484787783,,372.80117740000003,162
High School,28.2920088,8.1535518,20.138457,208.42891436095692,10.349795635333777,,27.0683558,22
