Target_Name,Total_Time,Orientation_Time,Navigation_Time,Distance,Speed,Mean_Dwell,Dwell,Teleportations
Automobile shop,22.072636699999997,15.1560267,6.916609999999999,56.6673742561497,8.192940509317383,,20.9336567,9
Police station ,15.957320600000001,4.9309036,11.026417,111.69363736823485,10.129640241996547,,10.956763999999998,11
Fire Station,17.4670991,5.639849100000001,11.82725,134.1495888013252,11.34241592942782,,11.736027000000002,14
Bank,113.6020618,0.15262499999999998,113.4494368,465.0153737577408,4.098877763293936,,110.9906985,57
Pawn Shop,48.9300597,14.6802697,34.24979,200.90427117348918,5.865854102273012,,46.8392497,24
Pizzeria,19.9787469,4.2359599,15.742787,124.49679124536516,7.908179869635863,,15.652902000000005,14
Quattroki Restaurant,31.055066600000004,8.472081600000001,22.582985,195.38194195496555,8.651732353139566,,29.012668600000012,22
High School,20.5065236,4.8196326,15.686891000000001,205.75817355493706,13.11656806660651,,15.554718,20
