Target_Name,Total_Time,Orientation_Time,Navigation_Time,Distance,Speed,Mean_Dwell,Dwell,Teleportations
Automobile shop,21.186486700000003,7.3678967,13.818590000000002,57.741645566371005,4.178548286501806,,17.8948917,10
Police station ,55.5052101,4.0136481,51.491562,312.33235569593705,6.065699768360824,,52.41464510000003,39
Fire Station,26.0895846,1.1181676,24.971417,146.61807660346233,5.871435994339541,,24.861066,17
Bank,75.5608014,3.4860004,72.07480100000001,311.22235334211047,4.318046654643006,,71.06043639999999,39
Pawn Shop,157.32283460000002,2.6802646,154.64257,792.8748210895236,5.127144621882083,,156.21948559999987,111
Pizzeria,23.4229366,6.9509636,16.471973,144.81788551740703,8.791775309333438,,16.367054000000007,16
Quattroki Restaurant,481.1165841,8.6386861,472.477898,2071.4788117289004,4.384287223799197,,477.0823301000006,296
High School,282.6327045,1.1112465,281.521458,1518.209789724246,5.39287413652229,,280.45646750000003,211
