Target_Name,Total_Time,Orientation_Time,Navigation_Time,Distance,Speed,Mean_Dwell,Dwell,Teleportations
Automobile shop,36.969306700000004,11.4488467,25.520459999999996,67.40322126950517,2.6411444491794103,,35.5668067,13
Police station ,45.8949889,4.6667799,41.228209,199.23119534161796,4.832399955613351,,39.91798089999999,26
Fire Station,75.5053833,1.8404633000000001,73.66492000000001,416.0257788014399,5.6475426675470475,,73.83869330000006,66
Bank,35.8884241,1.4786331,34.409791,228.3199844988243,6.635320292960348,,34.0758881,29
Pawn Shop,127.5459908,1.0832708,126.46271999999999,758.9671339990297,6.001508855724673,,123.29123879999995,119
Pizzeria,18.7773972,4.673612200000001,14.103784999999998,122.64692181134656,8.696028889503532,,17.603786199999995,16
Quattroki Restaurant,201.75975319999998,9.2428942,192.51685899999998,1257.603165792235,6.532431353413235,,197.8094872,188
High School,20.4857086,1.9308225999999997,18.554885999999996,208.12766002796377,11.216865467562766,,13.395791599999997,20
