Target_Name,Total_Time,Orientation_Time,Navigation_Time,Distance,Speed,Mean_Dwell,Dwell,Teleportations
Automobile shop,336.2721667,65.6391167,270.63305,1030.2335943092583,3.806754549413895,,334.5324666999999,150
Police station ,244.75297650000002,13.187356499999998,231.56562000000002,1201.6309693467713,5.189159640134711,,239.75762649999993,177
Fire Station,87.24228480000001,15.7012448,71.54104000000001,534.5033021997718,7.471282248619419,,81.54762480000001,72
Bank,215.5999963,7.5136522999999995,208.086344,1169.4333925304772,5.619943000826989,,213.57527329999996,173
Pawn Shop,58.5473176,8.7292086,49.818109,345.0294005040814,6.925782761125707,,56.2064876,50
Pizzeria,67.3667528,9.7983698,57.568383,251.02097069841477,4.360396412357366,,66.13081879999999,35
Quattroki Restaurant,748.1810609,5.6108579,742.5702030000001,4317.656949711997,5.8144764390876,,741.5301109000002,708
High School,46.832271399999996,5.0278974000000005,41.804373999999996,606.7536153386933,14.51411795662084,,45.82805840000002,83
