Target_Name,Total_Time,Orientation_Time,Navigation_Time,Distance,Speed,Mean_Dwell,Dwell,Teleportations
Automobile shop,11.5457467,2.8237767,8.72197,56.95851960047823,6.53046497528405,,9.962929699999998,10
Police station ,41.02702310000001,3.0140691,38.012954,226.49311701842782,5.958314026803279,,37.818780000000004,29
Fire Station,29.1384549,8.5486649,20.58979,140.56922049959215,6.827132306817706,,27.5153029,15
Bank,128.4701882,3.8334802,124.63670799999998,512.7289542700695,4.113787683401182,,124.53176119999998,72
Pawn Shop,171.322632,12.208182,159.11444999999998,680.1087686448927,4.274336923170038,,169.43072200000003,120
Pizzeria,58.5755335,5.6320345000000005,52.943499,316.89841960220946,5.985596448814413,,57.63748250000001,57
Quattroki Restaurant,15.346859199999999,2.7916202,12.555238999999998,189.6364142247421,15.104166015855384,,14.016436200000001,23
High School,17.2427669,4.4307639,12.812003,206.98110435291028,16.155249444829998,,12.666142,22
